{
    "tinhthanh":
[
    {
        "ten": "An Giang",
        "id": "89"
    },
    {
        "ten": "Bà Rịa - Vũng Tàu",
        "id": "77"
    },
    {
        "ten": "Bình Dương",
        "id": "74"
    },
    {
        "ten": "Bình Phước",
        "id": "70"
    },
    {
        "ten": "Bình Thuận",
        "id": "60"
    },
    {
        "ten": "Bình Định",
        "id": "52"
    },
    {
        "ten": "Bạc Liêu",
        "id": "95"
    },
    {
        "ten": "Bắc Giang",
        "id": "24"
    },
    {
        "ten": "Bắc Kạn",
        "id": "06"
    },
    {
        "ten": "Bắc Ninh",
        "id": "27"
    },
    {
        "ten": "Bến Tre",
        "id": "83"
    },
    {
        "ten": "Cao Bằng",
        "id": "04"
    },
    {
        "ten": "Cà Mau",
        "id": "96"
    },
    {
        "ten": "Cần Thơ",
        "id": "92"
    },
    {
        "ten": "Gia Lai",
        "id": "64"
    },
    {
        "ten": "Hà Giang",
        "id": "02"
    },
    {
        "ten": "Hà Nam",
        "id": "35"
    },
    {
        "ten": "Hà Nội",
        "id": "01"
    },
    {
        "ten": "Hà Nội (Hà Tây cũ)",
        "id": "25_T"
    },
    {
        "ten": "Hà Tĩnh",
        "id": "42"
    },
    {
        "ten": "Hòa Bình",
        "id": "17"
    },
    {
        "ten": "Hưng Yên",
        "id": "33"
    },
    {
        "ten": "Hải Dương",
        "id": "30"
    },
    {
        "ten": "Hải Phòng",
        "id": "31"
    },
    {
        "ten": "Hậu Giang",
        "id": "93"
    },
    {
        "ten": "Hồ Chí Minh",
        "id": "79"
    },
    {
        "ten": "Khánh Hòa",
        "id": "56"
    },
    {
        "ten": "Kiên Giang",
        "id": "91"
    },
    {
        "ten": "Kon Tum",
        "id": "62"
    },
    {
        "ten": "Lai Châu",
        "id": "12"
    },
    {
        "ten": "Long An",
        "id": "80"
    },
    {
        "ten": "Lào Cai",
        "id": "10"
    },
    {
        "ten": "Lâm Đồng",
        "id": "68"
    },
    {
        "ten": "Lạng Sơn",
        "id": "20"
    },
    {
        "ten": "Nam Định",
        "id": "36"
    },
    {
        "ten": "Nghệ An",
        "id": "40"
    },
    {
        "ten": "Ninh Bình",
        "id": "37"
    },
    {
        "ten": "Ninh Thuận",
        "id": "58"
    },
    {
        "ten": "Phú Thọ",
        "id": "25"
    },
    {
        "ten": "Phú Yên",
        "id": "54"
    },
    {
        "ten": "Quảng Bình",
        "id": "44"
    },
    {
        "ten": "Quảng Nam",
        "id": "49"
    },
    {
        "ten": "Quảng Ngãi",
        "id": "51"
    },
    {
        "ten": "Quảng Ninh",
        "id": "22"
    },
    {
        "ten": "Quảng Trị",
        "id": "45"
    },
    {
        "ten": "Sóc Trăng",
        "id": "94"
    },
    {
        "ten": "Sơn La",
        "id": "14"
    },
    {
        "ten": "Thanh Hóa",
        "id": "38"
    },
    {
        "ten": "Thái Bình",
        "id": "34"
    },
    {
        "ten": "Thái Nguyên",
        "id": "19"
    },
    {
        "ten": "Thừa Thiên Huế",
        "id": "46"
    },
    {
        "ten": "Tiền Giang",
        "id": "82"
    },
    {
        "ten": "Trà Vinh",
        "id": "84"
    },
    {
        "ten": "Tuyên Quang",
        "id": "08"
    },
    {
        "ten": "Tây Ninh",
        "id": "72"
    },
    {
        "ten": "Vĩnh Long",
        "id": "86"
    },
    {
        "ten": "Vĩnh Phúc",
        "id": "26"
    },
    {
        "ten": "Yên Bái",
        "id": "15"
    },
    {
        "ten": "Điện Biên",
        "id": "11"
    },
    {
        "ten": "Đà Nẵng",
        "id": "48"
    },
    {
        "ten": "Đăk Nông",
        "id": "67"
    },
    {
        "ten": "Đắk Lắk",
        "id": "66"
    },
    {
        "ten": "Đồng Nai",
        "id": "75"
    },
    {
        "ten": "Đồng Tháp",
        "id": "87"
    }
]
}