{
    "thilai":
    [
        {
        "soThuTu": 1, 
        "hoten": "Lý Dân Sự", 
        "lop": "10A3", 
        "toan": "4.7", 
        "ly": "4.3", 
        "hoa": "4.1", 
        "sinh": "", 
        "tin":"",
        "van":"4.6",
        "su": "",
        "dia": "", 
        "tienganh": "4.2", 
        "GDCD": "",
        "CN": "",  
        "TD": "", 
        "QPAN":""
        },
        {
            "soThuTu": 2, 
            "hoten": "Ví Đình Túy", 
            "lop": "10A3", 
            "toan": "", 
            "ly": "4.2", 
            "hoa": "4.2", 
            "sinh": "4.5", 
            "tin":"",
            "van":"",
            "su": "3.8",
            "dia": "", 
            "tienganh": "4.4", 
            "GDCD": "",
            "CN": "",  
            "TD": "" ,
            "QPAN":""
        },
        {
            "soThuTu": 3, 
            "hoten": "Hà Văn Doanh", 
            "lop": "10A4", 
            "toan": "4.2", 
            "ly": "4.7", 
            "hoa": "4.9", 
            "sinh": "", 
            "tin":"",
            "van":"4.9",
            "su": "",
            "dia": "", 
            "tienganh": "3.9", 
            "GDCD": "",
            "CN": "",  
            "TD": "", 
            "QPAN":""
        },
        {
            "soThuTu": 4, 
            "hoten": "Trần Quốc Hữu", 
            "lop": "10A4", 
            "toan": "4.2",
            "hoa": "4.7", 
            "sinh": "4.9", 
            "tin":"",
            "van":"4.9",
            "su": "",
            "dia": "", 
            "tienganh": "3.4", 
            "GDCD": "",
            "CN": "",  
            "TD": "",
            "QPAN":"4.8"
        },
        {
            "soThuTu": 5, 
            "hoten": "Trần Đức Khánh", 
            "lop": "10A4", 
            "toan": "4.0", 
            "ly": "4.6", 
            "hoa": "4.6", 
            "sinh": "", 
            "tin":"",
            "van":"4.6",
            "su": "",
            "dia": "", 
            "tienganh": "4.2", 
            "GDCD": "",
            "CN": "",  
            "TD": "" ,
            "QPAN":""
        },
        {
            "soThuTu": 6, 
            "hoten": "Ninh Ngọc Đức", 
            "lop": "10A5", 
            "toan": "", 
            "ly": "", 
            "hoa": "3.4", 
            "sinh": "", 
            "tin":"",
            "van":"",
            "su": "",
            "dia": "", 
            "tienganh": "4.1", 
            "GDCD": "",
            "CN": "",  
            "TD": "",
            "QPAN":""
            
        },
        {
            "soThuTu": 7, 
            "hoten": "Hoàng Văn Hà", 
            "lop": "10A5", 
            "toan": "4.7", 
            "ly": "4.7", 
            "hoa": "4.2", 
            "sinh": "", 
            "tin":"",
            "van":"4.6",
            "su": "4.9",
            "dia": "", 
            "tienganh": "4.1", 
            "GDCD": "",
            "CN": "",  
            "TD": "",
            "QPAN":"4.7"
        },
        {
            "soThuTu": 8, 
            "hoten": "Hà Minh Quang", 
            "lop": "10A6", 
            "toan": "4.7", 
            "ly": "4.9", 
            "hoa": "3.5", 
            "sinh": "4.6", 
            "tin":"",
            "van":"4.8",
            "su": "4.2",
            "dia": "", 
            "tienganh": "4.3", 
            "GDCD": "",
            "CN": "",  
            "TD": "",
            "QPAN":""
        },
        {
            "soThuTu": 9, 
            "hoten": "Mạch Đức Thơm", 
            "lop": "10A6", 
            "toan": "4.3", 
            "ly": "3.2", 
            "hoa": "3.8", 
            "sinh": "4.5", 
            "tin":"",
            "van":"4.8",
            "su": "",
            "dia": "", 
            "tienganh": "3.2", 
            "GDCD": "",
            "CN": "",  
            "TD": "",
            "QPAN":""
        },
        {
            "soThuTu": 10, 
            "hoten": "Hoàng văn Thụy", 
            "lop": "10A6", 
            "toan": "4.1", 
            "ly": "4.8", 
            "hoa": "3.2", 
            "sinh": "", 
            "tin":"",
            "van":"4.4",
            "su": "3.7",
            "dia": "", 
            "tienganh": "4.1", 
            "GDCD": "",
            "CN": "",  
            "TD": "",
            "QPAN":"4.7"
        }
    
    ]
}