{
   "kqthilai10":[
      {
         "stt":"1",
         "tenhs":"Hà Văn Doanh",
         "mhs":"THPTPL101",
         "lop":"10A4",
         "toan":"4.2",
         "vatly":"4.7",
         "hoahoc":"4.9",
         "sinhhoc":"5.8",
         "tinhoc":"6",
         "van":"6",
         "su":"5.6",
         "dialy":"5.6",
         "tienganh":"3.9",
         "GDCD":"5.3",
         "cn":"5.4",
         "td":"Đ",
         "GDQPAN":"5.2",
         "TBcm":"5.2",
         "HL":"Tb",
         "HK":"Tb"
      },
      {
         "stt":"2",
         "tenhs":"Ninh Ngọc  Đức",
         "mhs":"THPTPL147",
         "lop":"10A5",
         "toan":"5.1",
         "vatly":"5.7",
         "hoahoc":"3",
         "sinhhoc":"5.7",
         "tinhoc":"6.5",
         "van":"5.1",
         "su":"5.4",
         "dialy":"6",
         "tienganh":"4",
         "GDCD":"6",
         "cn":"5.3",
         "td":"Đ",
         "GDQPAN":"6.8",
         "TBcm":"5.4",
         "HL":"Yếu",
         "HK":"Tb"
      },
      {
         "stt":"3",
         "tenhs":"Hoàng Văn  Hòa",
         "mhs":"THPTPL149",
         "lop":"10A5",
         "toan":"5.2",
         "vatly":"4.7",
         "hoahoc":"4.2",
         "sinhhoc":"5.5",
         "tinhoc":"5.9",
         "van":"4.6",
         "su":"4.9",
         "dialy":"5.6",
         "tienganh":"4.1",
         "GDCD":"5.2",
         "cn":"5.4",
         "td":"Đ",
         "GDQPAN":"4.8",
         "TBcm":"5",
         "HL":"Tb",
         "HK":"Khá"
      },
      {
         "stt":"4",
         "tenhs":"Trần Quốc Hữu",
         "mhs":"THPTPL110",
         "lop":"10A4",
         "toan":"4.4",
         "vatly":"4.6",
         "hoahoc":"4.8",
         "sinhhoc":"5.7",
         "tinhoc":"6",
         "van":"2",
         "su":"4.8",
         "dialy":"5.2",
         "tienganh":"3.4",
         "GDCD":"6.2",
         "cn":"5.7",
         "td":"Đ",
         "GDQPAN":"4.8",
         "TBcm":"4.8",
         "HL":"Yếu",
         "HK":"Tb"
      },
      {
         "stt":"5",
         "tenhs":"Trần Đức Khánh",
         "mhs":"THPTPL111",
         "lop":"10A4",
         "toan":"4",
         "vatly":"4.6",
         "hoahoc":"4.6",
         "sinhhoc":"6",
         "tinhoc":"5.6",
         "van":"6",
         "su":"5.7",
         "dialy":"5.2",
         "tienganh":"4.2",
         "GDCD":"6.7",
         "cn":"6.3",
         "td":"Đ",
         "GDQPAN":"5.2",
         "TBcm":"5.3",
         "HL":"Tb",
         "HK":"Tb"
      },
      {
         "stt":"6",
         "tenhs":"Hà Minh  Quang",
         "mhs":"THPTPL207",
         "lop":"10A6",
         "toan":"2.4",
         "vatly":"4.9",
         "hoahoc":"3.5",
         "sinhhoc":"4.6",
         "tinhoc":"5.4",
         "van":"4.8",
         "su":"4.2",
         "dialy":"5.2",
         "tienganh":"4.3",
         "GDCD":"5.9",
         "cn":"6.1",
         "td":"Đ",
         "GDQPAN":"5.6",
         "TBcm":"4.7",
         "HL":"Yếu",
         "HK":"Tb"
      },
      {
         "stt":"7",
         "tenhs":"Lý Dân Sự",
         "mhs":"THPTPL080",
         "lop":"10A3",
         "toan":"4.7",
         "vatly":"4.3",
         "hoahoc":"0",
         "sinhhoc":"5.6",
         "tinhoc":"6.3",
         "van":"3",
         "su":"5",
         "dialy":"5.3",
         "tienganh":"4.2",
         "GDCD":"5.9",
         "cn":"5.6",
         "td":"Đ",
         "GDQPAN":"5.58",
         "TBcm":"5.6",
         "HL":"Kém",
         "HK":"Tb"
      },
      {
         "stt":"8",
         "tenhs":"Vi Đình Tuý",
         "mhs":"THPTPL093",
         "lop":"10A3",
         "toan":"5.2",
         "vatly":"4.2",
         "hoahoc":"4.2",
         "sinhhoc":"4.5",
         "tinhoc":"5.9",
         "van":"5.1",
         "su":"3.8",
         "dialy":"5",
         "tienganh":"4.2",
         "GDCD":"5.4",
         "cn":"5.8",
         "td":"Đ",
         "GDQPAN":"5.4",
         "TBcm":"4.9",
         "HL":"Yếu",
         "HK":"Khá"
      },
      {
         "stt":"9",
         "tenhs":"Mạc Đức  Thơm",
         "mhs":"THPTPL213",
         "lop":"10A6",
         "toan":"1.8",
         "vatly":"0",
         "hoahoc":"3.8",
         "sinhhoc":"5.2",
         "tinhoc":"5.6",
         "van":"4.8",
         "su":"5.2",
         "dialy":"5.8",
         "tienganh":"0",
         "GDCD":"5.3",
         "cn":"5.6",
         "td":"Đ",
         "GDQPAN":"6.9",
         "TBcm":"4.2",
         "HL":"Kém",
         "HK":"Tb"
      },
      {
         "stt":"10",
         "tenhs":"Hoàng Văn  Thụy",
         "mhs":"THPTPL214",
         "lop":"10A6",
         "toan":"0",
         "vatly":"4.8",
         "hoahoc":"4.2",
         "sinhhoc":"6.3",
         "tinhoc":"5",
         "van":"4.4",
         "su":"3.7",
         "dialy":"5.3",
         "tienganh":"4.1",
         "GDCD":"5.9",
         "cn":"5.8",
         "td":"Đ",
         "GDQPAN":"4.7",
         "TBcm":"4.5",
         "HL":"Kém",
         "HK":"Tb"
      }
   ]
}