﻿{
	"TK": [
		{
			"stt": "1",
			"tenhs": "Vũ Đức Anh",
		
			"toan": "8.9",
			"vatly": "8.7",
			"hoahoc": "7.4",
			"sinhhoc": "8.1",
			"tinhoc": "8.5",
			"van": "6.7",
			"su": "8.5",
			"dialy": "7.6",
			"tienganh": "7.5",
			"gdcd": "8.2",
			"congnghe": "7.9",
			"theduc": "Đ",
			"GDQPAN": "8.7",
			"TBcm": "8.1",
			"hl": "Giỏi",
			"hk": "Tốt",
			"xh": "4"
		},
		{
			"stt": "2",
			"tenhs": "Nguyễn Thị Thùy Dung",
			
			"toan": "6.8",
			"vatly": "6.5",
			"hoahoc": "5.5",
			"sinhhoc": "6.5",
			"tinhoc": "6.6",
			"van": "6.3",
			"su": "8.5",
			"dialy": "7.5",
			"tienganh": "5.6",
			"gdcd": "8.3",
			"congnghe": "7.7",
			"theduc": "Đ",
			"GDQPAN": "8.1",
			"TBcm": "7",
			"hl": "Khá",
			"hk": "Tốt",
			"xh": "25"
		},
		{
			"stt": "3",
			"tenhs": "Triệu Thị Dương",
			
			"toan": "7.2",
			"vatly": "8.4",
			"hoahoc": "6.4",
			"sinhhoc": "7.9",
			"tinhoc": "7.6",
			"van": "6.7",
			"su": "8.2",
			"dialy": "7.8",
			"tienganh": "7.3",
			"gdcd": "7.7",
			"congnghe": "8.3",
			"theduc": "Đ",
			"GDQPAN": "8.1",
			"TBcm": "7.6",
			"hl": "Khá",
			"hk": "Tốt",
			"xh": "14"
		},
		{
			"stt": "4",
			"tenhs": "Vũ Xuân Điệp",
		
			"toan": "8.3",
			"vatly": "8.5",
			"hoahoc": "8.6",
			"sinhhoc": "9.6",
			"tinhoc": "7.7",
			"van": "7.5",
			"su": "8.6",
			"dialy": "8",
			"tienganh": "7",
			"gdcd": "9.4",
			"congnghe": "8.4",
			"theduc": "Đ",
			"GDQPAN": "8.6",
			"TBcm": "8.4",
			"hl": "Giỏi",
			"hk": "Tốt",
			"xh": "1"
		},
		{
			"stt": "5",
			"tenhs": "Trần Vũ Thu Hằng",
		
			"toan": "8.5",
			"vatly": "8.3",
			"hoahoc": "9.2",
			"sinhhoc": "8.7",
			"tinhoc": "8.2",
			"van": "7.3",
			"su": "8.8",
			"dialy": "8.5",
			"tienganh": "7.3",
			"gdcd": "9.1",
			"congnghe": "8.3",
			"theduc": "Đ",
			"GDQPAN": "9",
			"TBcm": "8.4",
			"hl": "Giỏi",
			"hk": "Tốt",
			"xh": "1"
		},
		{
			"stt": "6",
			"tenhs": "Nguyễn Thị Hiền",
		
			"toan": "7.6",
			"vatly": "8",
			"hoahoc": "6.5",
			"sinhhoc": "8",
			"tinhoc": "7.5",
			"van": "8.1",
			"su": "9",
			"dialy": "8.2",
			"tienganh": "7.3",
			"gdcd": "9.2",
			"congnghe": "8.3",
			"theduc": "Đ",
			"GDQPAN": "8.1",
			"TBcm": "8",
			"hl": "Giỏi",
			"hk": "Tốt",
			"xh": "6"
		},
		{
			"stt": "7",
			"tenhs": "Hoàng Thị Huệ",
		
			"toan": "7.7",
			"vatly": "8.4",
			"hoahoc": "6.6",
			"sinhhoc": "8.8",
			"tinhoc": "8.3",
			"van": "6.8",
			"su": "8.4",
			"dialy": "7.5",
			"tienganh": "6.8",
			"gdcd": "8.5",
			"congnghe": "8.5",
			"theduc": "Đ",
			"GDQPAN": "9.3",
			"TBcm": "8",
			"hl": "Khá",
			"hk": "Tốt",
			"xh": "10"
		},
		{
			"stt": "8",
			"tenhs": "Trần Thị Hương",
			
			"toan": "8.5",
			"vatly": "8.9",
			"hoahoc": "7.9",
			"sinhhoc": "9.8",
			"tinhoc": "7.9",
			"van": "7",
			"su": "8.6",
			"dialy": "8.1",
			"tienganh": "7.3",
			"gdcd": "8.9",
			"congnghe": "8.2",
			"theduc": "Đ",
			"GDQPAN": "8.9",
			"TBcm": "8.3",
			"hl": "Giỏi",
			"hk": "Tốt",
			"xh": "3"
		},
		{
			"stt": "9",
			"tenhs": "Phạm Thị Hương",
			
			"toan": "6.6",
			"vatly": "7",
			"hoahoc": "5.6",
			"sinhhoc": "6.5",
			"tinhoc": "7.5",
			"van": "6.8",
			"su": "7",
			"dialy": "7.3",
			"tienganh": "6.5",
			"gdcd": "8.4",
			"congnghe": "8.1",
			"theduc": "Đ",
			"GDQPAN": "8.6",
			"TBcm": "7.2",
			"hl": "Khá",
			"hk": "Tốt",
			"xh": "21"
		},
		{
			"stt": "10",
			"tenhs": "Lý Thị Hương",
			"toan": "7.6",
			"vatly": "8",
			"hoahoc": "7.6",
			"sinhhoc": "8.2",
			"tinhoc": "7.5",
			"van": "6.8",
			"su": "6.9",
			"dialy": "7.4",
			"tienganh": "6.7",
			"gdcd": "8.5",
			"congnghe": "8.1",
			"theduc": "Đ",
			"GDQPAN": "9.4",
			"TBcm": "7.7",
			"hl": "Khá",
			"hk": "Tốt",
			"xh": "12"
		},
		{
			"stt": "11",
			"tenhs": "Nguyễn Văn Linh",
			"": "THPTPL011",
			"toan": "6.6",
			"vatly": "7.9",
			"hoahoc": "5.4",
			"sinhhoc": "7.4",
			"tinhoc": "7.2",
			"van": "6.3",
			"su": "7.2",
			"dialy": "7.6",
			"tienganh": "6.2",
			"gdcd": "8.2",
			"congnghe": "7.4",
			"theduc": "Đ",
			"GDQPAN": "8.7",
			"TBcm": "7.2",
			"hl": "Khá",
			"hk": "Tốt",
			"xh": "21"
		},
		{
			"stt": "12",
			"tenhs": "Lương Thùy Linh",
			"": "THPTPL012",
			"toan": "8",
			"vatly": "8",
			"hoahoc": "7.6",
			"sinhhoc": "7.9",
			"tinhoc": "7.6",
			"van": "6.7",
			"su": "8.6",
			"dialy": "8.6",
			"tienganh": "7.8",
			"gdcd": "8.9",
			"congnghe": "8",
			"theduc": "Đ",
			"GDQPAN": "9",
			"TBcm": "8.1",
			"hl": "Giỏi",
			"hk": "Tốt",
			"xh": "4"
		},
		{
			"stt": "13",
			"tenhs": "Đỗ Diệu My",
			"": "THPTPL013",
			"toan": "8.5",
			"vatly": "7.5",
			"hoahoc": "6.1",
			"sinhhoc": "7.3",
			"tinhoc": "7.6",
			"van": "5.5",
			"su": "7.9",
			"dialy": "7.9",
			"tienganh": "7.5",
			"gdcd": "7.5",
			"congnghe": "8",
			"theduc": "Đ",
			"GDQPAN": "9.1",
			"TBcm": "7.5",
			"hl": "Khá",
			"hk": "Tốt",
			"xh": "18"
		},
		{
			"stt": "14",
			"tenhs": "Trần Thị Trà My",
			"": "THPTPL014",
			"toan": "5.8",
			"vatly": "5.3",
			"hoahoc": "5.2",
			"sinhhoc": "7",
			"tinhoc": "6.8",
			"van": "6.3",
			"su": "8.1",
			"dialy": "7.7",
			"tienganh": "5.6",
			"gdcd": "7.6",
			"congnghe": "7.9",
			"theduc": "Đ",
			"GDQPAN": "8.1",
			"TBcm": "6.8",
			"hl": "Tb",
			"hk": "Tốt",
			"xh": "27"
		},
		{
			"stt": "15",
			"tenhs": "Vũ Phương Nam",
			"": "THPTPL015",
			"toan": "7.4",
			"vatly": "7.5",
			"hoahoc": "6.2",
			"sinhhoc": "7.9",
			"tinhoc": "7.9",
			"van": "6.4",
			"su": "7.8",
			"dialy": "7.9",
			"tienganh": "8.1",
			"gdcd": "8.1",
			"congnghe": "7.4",
			"theduc": "Đ",
			"GDQPAN": "8.3",
			"TBcm": "7.6",
			"hl": "Khá",
			"hk": "Tốt",
			"xh": "14"
		},
		{
			"stt": "16",
			"tenhs": "Ma Quang Nam",
			"": "THPTPL016",
			"toan": "7.1",
			"vatly": "7.4",
			"hoahoc": "7.5",
			"sinhhoc": "8.3",
			"tinhoc": "7.1",
			"van": "6.2",
			"su": "8.6",
			"dialy": "7.3",
			"tienganh": "6.7",
			"gdcd": "9.1",
			"congnghe": "7.5",
			"theduc": "Đ",
			"GDQPAN": "9.1",
			"TBcm": "7.7",
			"hl": "Khá",
			"hk": "Tốt",
			"xh": "12"
		},
		{
			"stt": "17",
			"tenhs": "Nguyễn Trọng Nam",
			"": "THPTPL017",
			"toan": "7.6",
			"vatly": "8",
			"hoahoc": "6.4",
			"sinhhoc": "7.8",
			"tinhoc": "7.1",
			"van": "6",
			"su": "7.2",
			"dialy": "6.9",
			"tienganh": "6.2",
			"gdcd": "8.3",
			"congnghe": "7.3",
			"theduc": "Đ",
			"GDQPAN": "8.3",
			"TBcm": "7.3",
			"hl": "Khá",
			"hk": "Tốt",
			"xh": "20"
		},
		{
			"stt": "18",
			"tenhs": "Triệu Thu Phương",
			"": "THPTPL018",
			"toan": "7.6",
			"vatly": "8.4",
			"hoahoc": "7.3",
			"sinhhoc": "8.6",
			"tinhoc": "8.1",
			"van": "7.2",
			"su": "8.8",
			"dialy": "7.6",
			"tienganh": "8.1",
			"gdcd": "8.8",
			"congnghe": "8",
			"theduc": "Đ",
			"GDQPAN": "8.6",
			"TBcm": "8.1",
			"hl": "Khá",
			"hk": "Tốt",
			"xh": "7"
		},
		{
			"stt": "19",
			"tenhs": "Trần Văn Quân",
			"": "THPTPL019",
			"toan": "8.2",
			"vatly": "8",
			"hoahoc": "7",
			"sinhhoc": "8.3",
			"tinhoc": "7.3",
			"van": "6.5",
			"su": "8.5",
			"dialy": "7.5",
			"tienganh": "6.9",
			"gdcd": "8.2",
			"congnghe": "7.5",
			"theduc": "Đ",
			"GDQPAN": "7.4",
			"TBcm": "7.6",
			"hl": "Khá",
			"hk": "Tốt",
			"xh": "14"
		},
		{
			"stt": "20",
			"tenhs": "Phàn Thị Xuân Thanh",
			"": "THPTPL020",
			"toan": "6.8",
			"vatly": "7.2",
			"hoahoc": "6.7",
			"sinhhoc": "6.9",
			"tinhoc": "7.4",
			"van": "6.9",
			"su": "8.2",
			"dialy": "8.1",
			"tienganh": "7.6",
			"gdcd": "8.7",
			"congnghe": "8.3",
			"theduc": "Đ",
			"GDQPAN": "8.3",
			"TBcm": "7.6",
			"hl": "Khá",
			"hk": "Tốt",
			"xh": "14"
		},
		{
			"stt": "21",
			"tenhs": "Lý Thị Phương Thảo",
			"": "THPTPL021",
			"toan": "6.9",
			"vatly": "8",
			"hoahoc": "6.8",
			"sinhhoc": "8.6",
			"tinhoc": "7.6",
			"van": "6.8",
			"su": "8.1",
			"dialy": "7.7",
			"tienganh": "7.2",
			"gdcd": "8.7",
			"congnghe": "7.7",
			"theduc": "Đ",
			"GDQPAN": "9",
			"TBcm": "7.8",
			"hl": "Khá",
			"hk": "Tốt",
			"xh": "11"
		},
		{
			"stt": "22",
			"tenhs": "Trương Công Thịnh",
			"": "THPTPL022",
			"toan": "7.9",
			"vatly": "8.1",
			"hoahoc": "7.6",
			"sinhhoc": "8.3",
			"tinhoc": "7.8",
			"van": "3.9",
			"su": "7.8",
			"dialy": "6.9",
			"tienganh": "8.4",
			"gdcd": "7.8",
			"congnghe": "7",
			"theduc": "Đ",
			"GDQPAN": "9",
			"TBcm": "7.5",
			"hl": "Tb",
			"hk": "Tốt",
			"xh": "26"
		},
		{
			"stt": "23",
			"tenhs": "Hoàng Thị Thủy",
			"": "THPTPL023",
			"toan": "7.6",
			"vatly": "8.1",
			"hoahoc": "6.9",
			"sinhhoc": "8.7",
			"tinhoc": "9",
			"van": "7.4",
			"su": "8.8",
			"dialy": "8.4",
			"tienganh": "7.5",
			"gdcd": "8.4",
			"congnghe": "8",
			"theduc": "Đ",
			"GDQPAN": "8.3",
			"TBcm": "8.1",
			"hl": "Khá",
			"hk": "Tốt",
			"xh": "7"
		},
		{
			"stt": "24",
			"tenhs": "Ma Quang Tịnh",
			"": "THPTPL024",
			"toan": "7.1",
			"vatly": "7.3",
			"hoahoc": "5.6",
			"sinhhoc": "8.6",
			"tinhoc": "7.1",
			"van": "6.5",
			"su": "8.4",
			"dialy": "8",
			"tienganh": "6.9",
			"gdcd": "8.3",
			"congnghe": "7.7",
			"theduc": "Đ",
			"GDQPAN": "8.7",
			"TBcm": "7.5",
			"hl": "Khá",
			"hk": "Tốt",
			"xh": "18"
		},
		{
			"stt": "25",
			"tenhs": "Trần Thị Trang",
			"": "THPTPL025",
			"toan": "6.4",
			"vatly": "6.5",
			"hoahoc": "6",
			"sinhhoc": "8.1",
			"tinhoc": "6.4",
			"van": "6.5",
			"su": "7.4",
			"dialy": "7.6",
			"tienganh": "7",
			"gdcd": "7.8",
			"congnghe": "7.7",
			"theduc": "Đ",
			"GDQPAN": "7.6",
			"TBcm": "7.1",
			"hl": "Khá",
			"hk": "Tốt",
			"xh": "23"
		},
		{
			"stt": "26",
			"tenhs": "Hoàng Anh Tú",
			"": "THPTPL026",
			"toan": "7.7",
			"vatly": "8.6",
			"hoahoc": "7.9",
			"sinhhoc": "8.8",
			"tinhoc": "7.6",
			"van": "6.5",
			"su": "8.9",
			"dialy": "7.8",
			"tienganh": "7.8",
			"gdcd": "8.9",
			"congnghe": "7.8",
			"theduc": "Đ",
			"GDQPAN": "8.7",
			"TBcm": "8.1",
			"hl": "Khá",
			"hk": "Tốt",
			"xh": "7"
		},
		{
			"stt": "27",
			"tenhs": "Hoàng Minh Tuấn",
			"": "THPTPL027",
			"toan": "6.8",
			"vatly": "7.4",
			"hoahoc": "5",
			"sinhhoc": "6.7",
			"tinhoc": "6.9",
			"van": "6.1",
			"su": "8.1",
			"dialy": "6.7",
			"tienganh": "6.7",
			"gdcd": "8",
			"congnghe": "7.5",
			"theduc": "Đ",
			"GDQPAN": "9",
			"TBcm": "7.1",
			"hl": "Khá",
			"hk": "Tốt",
			"xh": "23"
		},
		{
			"stt": "28",
			"tenhs": "Ngô Thị Tuyến",
			"": "THPTPL028",
			"toan": "6.3",
			"vatly": "6.3",
			"hoahoc": "5.3",
			"sinhhoc": "6.9",
			"tinhoc": "6.8",
			"van": "4.5",
			"su": "6.4",
			"dialy": "6.9",
			"tienganh": "6.3",
			"gdcd": "8",
			"congnghe": "7.1",
			"theduc": "Đ",
			"GDQPAN": "7.7",
			"TBcm": "6.5",
			"hl": "Tb",
			"hk": "Tốt",
			"xh": "28"
		}
	]
}