﻿ {
		"v1": [
			{
				"stt": "1",
				"lop": "10A1",
				"mahs": "THPTPL001",
				"tenhs": "Vũ Đức Anh",
				"toan": "10",
				"vatly": "9",
				"hoahoc": "9",
				"sinhhoc": "10",
				"tinhoc": "6",
				"van": "7",
				"su": "7.5",
				"dialy": "7",
				"tienganh": "7",
				"gdcd": "9",
				"congnghe": "7",
				"theduc": "Đ",
				"GDQPAN": "9"
			},
			{
				"stt": "2",
				"lop": "10A1",
				"mahs": "THPTPL002",
				"tenhs": "Nguyễn Thị Thùy Dung",
				"toan": "3.5",
				"vatly": "5",
				"hoahoc": "4.5",
				"sinhhoc": "10",
				"tinhoc": "7.5",
				"van": "7",
				"su": "8.5",
				"dialy": "5.5",
				"tienganh": "5",
				"gdcd": "9",
				"congnghe": "6",
				"theduc": "Đ",
				"GDQPAN": "9"
			},
			{
				"stt": "3",
				"lop": "10A1",
				"mahs": "THPTPL003",
				"tenhs": "Triệu Thị Dương",
				"toan": "9.5",
				"vatly": "6.5",
				"hoahoc": "7",
				"sinhhoc": "10",
				"tinhoc": "6.8",
				"van": "6",
				"su": "6.5",
				"dialy": "7",
				"tienganh": "6.3",
				"gdcd": "9.3",
				"congnghe": "6",
				"theduc": "Đ",
				"GDQPAN": "8"
			},
			{
				"stt": "4",
				"lop": "10A1",
				"mahs": "THPTPL004",
				"tenhs": "Vũ Xuân Điệp",
				"toan": "10",
				"vatly": "6.5",
				"hoahoc": "9.5",
				"sinhhoc": "10",
				"tinhoc": "9.3",
				"van": "7",
				"su": "10",
				"dialy": "7.5",
				"tienganh": "8.3",
				"gdcd": "9.3",
				"congnghe": "6.6",
				"theduc": "Đ",
				"GDQPAN": "9"
			},
			{
				"stt": "5",
				"lop": "10A1",
				"mahs": "THPTPL005",
				"tenhs": "Trần Vũ Thu Hằng",
				"toan": "8.5",
				"vatly": "7.5",
				"hoahoc": "9.5",
				"sinhhoc": "10",
				"tinhoc": "8.3",
				"van": "7",
				"su": "8",
				"dialy": "7",
				"tienganh": "7",
				"gdcd": "7.7",
				"congnghe": "6",
				"theduc": "Đ",
				"GDQPAN": "9"
			},
			{
				"stt": "6",
				"lop": "10A1",
				"mahs": "THPTPL006",
				"tenhs": "Nguyễn Thị Hiền",
				"toan": "8",
				"vatly": "5.5",
				"hoahoc": "6.5",
				"sinhhoc": "10",
				"tinhoc": "7",
				"van": "8",
				"su": "8.3",
				"dialy": "6",
				"tienganh": "5",
				"gdcd": "9",
				"congnghe": "7",
				"theduc": "Đ",
				"GDQPAN": "9"
			},
			{
				"stt": "7",
				"lop": "10A1",
				"mahs": "THPTPL007",
				"tenhs": "Hoàng Thị Huệ",
				"toan": "9.5",
				"vatly": "9",
				"hoahoc": "10",
				"sinhhoc": "10",
				"tinhoc": "8.3",
				"van": "7",
				"su": "8.8",
				"dialy": "7.5",
				"tienganh": "6.3",
				"gdcd": "8",
				"congnghe": "6",
				"theduc": "Đ",
				"GDQPAN": "9"
			},
			{
				"stt": "8",
				"lop": "10A1",
				"mahs": "THPTPL008",
				"tenhs": "Trần Thị Hương",
				"toan": "9.5",
				"vatly": "10",
				"hoahoc": "9.5",
				"sinhhoc": "10",
				"tinhoc": "6.5",
				"van": "8",
				"su": "8.5",
				"dialy": "5.5",
				"tienganh": "5.5",
				"gdcd": "9",
				"congnghe": "7",
				"theduc": "Đ",
				"GDQPAN": "9"
			},
			{
				"stt": "9",
				"lop": "10A1",
				"mahs": "THPTPL009",
				"tenhs": "Phạm Thị Hương",
				"toan": "8.5",
				"vatly": "4",
				"hoahoc": "4.5",
				"sinhhoc": "10",
				"tinhoc": "7.3",
				"van": "6",
				"su": "7.8",
				"dialy": "4.5",
				"tienganh": "5.3",
				"gdcd": "7.7",
				"congnghe": "5",
				"theduc": "Đ",
				"GDQPAN": "9"
			},
			{
				"stt": "10",
				"lop": "10A1",
				"mahs": "THPTPL010",
				"tenhs": "Lý Thị Hương",
				"toan": "9.5",
				"vatly": "8",
				"hoahoc": "9",
				"sinhhoc": "10",
				"tinhoc": "9.8",
				"van": "6.5",
				"su": "8.3",
				"dialy": "7",
				"tienganh": "6.5",
				"gdcd": "9.7",
				"congnghe": "5",
				"theduc": "Đ",
				"GDQPAN": "9"
			},
			{
				"stt": "11",
				"lop": "10A1",
				"mahs": "THPTPL011",
				"tenhs": "Nguyễn Văn Linh",
				"toan": "9.5",
				"vatly": "10",
				"hoahoc": "10",
				"sinhhoc": "10",
				"tinhoc": "7.5",
				"van": "6.5",
				"su": "7.5",
				"dialy": "5.5",
				"tienganh": "5",
				"gdcd": "9.3",
				"congnghe": "7",
				"theduc": "Đ",
				"GDQPAN": "8"
			},
			{
				"stt": "12",
				"lop": "10A1",
				"mahs": "THPTPL012",
				"tenhs": "Lương Thùy Linh",
				"toan": "9",
				"vatly": "7",
				"hoahoc": "7",
				"sinhhoc": "10",
				"tinhoc": "8.5",
				"van": "8",
				"su": "9",
				"dialy": "5.5",
				"tienganh": "6.8",
				"gdcd": "9.3",
				"congnghe": "6",
				"theduc": "Đ",
				"GDQPAN": "9"
			},
			{
				"stt": "13",
				"lop": "10A1",
				"mahs": "THPTPL013",
				"tenhs": "Đỗ Diệu My",
				"toan": "10",
				"vatly": "9",
				"hoahoc": "7.5",
				"sinhhoc": "10",
				"tinhoc": "6",
				"van": "6.5",
				"su": "7.3",
				"dialy": "6.5",
				"tienganh": "5.3",
				"gdcd": "9",
				"congnghe": "6",
				"theduc": "Đ",
				"GDQPAN": "9"
			},
			{
				"stt": "14",
				"lop": "10A1",
				"mahs": "THPTPL014",
				"tenhs": "Trần Thị Trà My",
				"toan": "4.5",
				"vatly": "5",
				"hoahoc": "3",
				"sinhhoc": "10",
				"tinhoc": "4.3",
				"van": "5",
				"su": "7",
				"dialy": "5.6",
				"tienganh": "3.8",
				"gdcd": "7",
				"congnghe": "5",
				"theduc": "Đ",
				"GDQPAN": "9"
			},
			{
				"stt": "15",
				"lop": "10A1",
				"mahs": "THPTPL015",
				"tenhs": "Vũ Phương Nam",
				"toan": "8",
				"vatly": "7",
				"hoahoc": "7.5",
				"sinhhoc": "10",
				"tinhoc": "5",
				"van": "7",
				"su": "7.8",
				"dialy": "7",
				"tienganh": "7.5",
				"gdcd": "8.3",
				"congnghe": "7",
				"theduc": "Đ",
				"GDQPAN": "9"
			},
			{
				"stt": "16",
				"lop": "10A1",
				"mahs": "THPTPL016",
				"tenhs": "Ma Quang Nam",
				"toan": "10",
				"vatly": "5",
				"hoahoc": "5.5",
				"sinhhoc": "10",
				"tinhoc": "7.8",
				"van": "7",
				"su": "6",
				"dialy": "6",
				"tienganh": "5.8",
				"gdcd": "7",
				"congnghe": "6",
				"theduc": "Đ",
				"GDQPAN": "9"
			},
			{
				"stt": "17",
				"lop": "10A1",
				"mahs": "THPTPL017",
				"tenhs": "Nguyễn Trọng Nam",
				"toan": "9.5",
				"vatly": "9.5",
				"hoahoc": "8.5",
				"sinhhoc": "10",
				"tinhoc": "6.8",
				"van": "6",
				"su": "6.5",
				"dialy": "6",
				"tienganh": "6",
				"gdcd": "9",
				"congnghe": "7",
				"theduc": "Đ",
				"GDQPAN": "9"
			},
			{
				"stt": "18",
				"lop": "10A1",
				"mahs": "THPTPL018",
				"tenhs": "Triệu Thu Phương",
				"toan": "10",
				"vatly": "7",
				"hoahoc": "8.5",
				"sinhhoc": "10",
				"tinhoc": "6.8",
				"van": "6",
				"su": "7.5",
				"dialy": "7.5",
				"tienganh": "7.8",
				"gdcd": "9.3",
				"congnghe": "6",
				"theduc": "Đ",
				"GDQPAN": "9"
			},
			{
				"stt": "19",
				"lop": "10A1",
				"mahs": "THPTPL019",
				"tenhs": "Trần Văn Quân",
				"toan": "9.5",
				"vatly": "8",
				"hoahoc": "6.5",
				"sinhhoc": "10",
				"tinhoc": "5",
				"van": "6",
				"su": "8.5",
				"dialy": "5.5",
				"tienganh": "5.3",
				"gdcd": "8",
				"congnghe": "6",
				"theduc": "Đ",
				"GDQPAN": "9"
			},
			{
				"stt": "20",
				"lop": "10A1",
				"mahs": "THPTPL020",
				"tenhs": "Phàn Thị Xuân Thtienganh",
				"toan": "7.5",
				"vatly": "6.5",
				"hoahoc": "8.5",
				"sinhhoc": "10",
				"tinhoc": "5.5",
				"van": "7",
				"su": "9.3",
				"dialy": "5",
				"tienganh": "7",
				"gdcd": "8.7",
				"congnghe": "7",
				"theduc": "Đ",
				"GDQPAN": "9"
			},
			{
				"stt": "21",
				"lop": "10A1",
				"mahs": "THPTPL021",
				"tenhs": "Lý Thị Phương Thảo",
				"toan": "7.5",
				"vatly": "6.5",
				"hoahoc": "8.5",
				"sinhhoc": "9.5",
				"tinhoc": "6.5",
				"van": "7",
				"su": "7.8",
				"dialy": "6.5",
				"tienganh": "6.8",
				"gdcd": "7.3",
				"congnghe": "8",
				"theduc": "Đ",
				"GDQPAN": "9"
			},
			{
				"stt": "22",
				"lop": "10A1",
				"mahs": "THPTPL022",
				"tenhs": "Trương Công Thịnh",
				"toan": "9.5",
				"vatly": "9.5",
				"hoahoc": "9.5",
				"sinhhoc": "10",
				"tinhoc": "8.3",
				"van": "6",
				"su": "6.3",
				"dialy": "7",
				"tienganh": "7.5",
				"gdcd": "9",
				"congnghe": "6",
				"theduc": "Đ",
				"GDQPAN": "9"
			},
			{
				"stt": "23",
				"lop": "10A1",
				"mahs": "THPTPL023",
				"tenhs": "Hoàng Thị Thủy",
				"toan": "9.5",
				"vatly": "6.5",
				"hoahoc": "8.5",
				"sinhhoc": "9",
				"tinhoc": "5.5",
				"van": "7.5",
				"su": "9",
				"dialy": "6",
				"tienganh": "5.8",
				"gdcd": "8.7",
				"congnghe": "6",
				"theduc": "Đ",
				"GDQPAN": "9"
			},
			{
				"stt": "24",
				"lop": "10A1",
				"mahs": "THPTPL024",
				"tenhs": "Ma Quang Tịnh",
				"toan": "7",
				"vatly": "5.5",
				"hoahoc": "5.5",
				"sinhhoc": "10",
				"tinhoc": "6.3",
				"van": "6",
				"su": "5.8",
				"dialy": "5",
				"tienganh": "5.5",
				"gdcd": "7",
				"congnghe": "6",
				"theduc": "Đ",
				"GDQPAN": "9"
			},
			{
				"stt": "25",
				"lop": "10A1",
				"mahs": "THPTPL025",
				"tenhs": "Trần Thị Trang",
				"toan": "6",
				"vatly": "7",
				"hoahoc": "5.5",
				"sinhhoc": "10",
				"tinhoc": "5.8",
				"van": "6.5",
				"su": "7.3",
				"dialy": "6.5",
				"tienganh": "4.3",
				"gdcd": "7.3",
				"congnghe": "7",
				"theduc": "Đ",
				"GDQPAN": "9"
			},
			{
				"stt": "26",
				"lop": "10A1",
				"mahs": "THPTPL026",
				"tenhs": "Hoàng Anh Tú",
				"toan": "10",
				"vatly": "8.5",
				"hoahoc": "9.5",
				"sinhhoc": "10",
				"tinhoc": "7.5",
				"van": "6",
				"su": "9.8",
				"dialy": "7",
				"tienganh": "7.5",
				"gdcd": "8.7",
				"congnghe": "5",
				"theduc": "Đ",
				"GDQPAN": "9"
			},
			{
				"stt": "27",
				"lop": "10A1",
				"mahs": "THPTPL027",
				"tenhs": "Hoàng Minh Tuấn",
				"toan": "9",
				"vatly": "9",
				"hoahoc": "7.5",
				"sinhhoc": "10",
				"tinhoc": "8.3",
				"van": "4",
				"su": "7",
				"dialy": "8",
				"tienganh": "6",
				"gdcd": "7.7",
				"congnghe": "7",
				"theduc": "Đ",
				"GDQPAN": "9"
			},
			{
				"stt": "28",
				"lop": "10A1",
				"mahs": "THPTPL028",
				"tenhs": "Ngô Thị Tuyến",
				"toan": "4.5",
				"vatly": "5",
				"hoahoc": "4.5",
				"sinhhoc": "10",
				"tinhoc": "7.8",
				"van": "6.5",
				"su": "6.3",
				"dialy": "5.5",
				"tienganh": "4",
				"gdcd": "7.3",
				"congnghe": "5",
				"theduc": "Đ",
				"GDQPAN": "9"
			},
			{
				"stt": "29",
				"lop": "10A2",
				"mahs": "THPTPL030",
				"tenhs": "Hoàng Thị Binh",
				"toan": "5",
				"vatly": "4.8",
				"hoahoc": "5.5",
				"sinhhoc": "10",
				"tinhoc": "4.8",
				"van": "7",
				"su": "8.5",
				"dialy": "7",
				"tienganh": "6.3",
				"gdcd": "7",
				"theduc": "Đ",
				"GDQPAN": "8"
			},
			{
				"stt": "30",
				"lop": "10A2",
				"mahs": "THPTPL031",
				"tenhs": "Nguyễn Hữu Công",
				"toan": "5",
				"vatly": "5.5",
				"hoahoc": "4",
				"sinhhoc": "10",
				"tinhoc": "4.3",
				"van": "7",
				"su": "4.5",
				"dialy": "7",
				"tienganh": "5",
				"gdcd": "8",
				"theduc": "Đ",
				"GDQPAN": "7"
			},
			{
				"stt": "31",
				"lop": "10A2",
				"mahs": "THPTPL032",
				"tenhs": "Trần Tiến Dũng",
				"toan": "3",
				"vatly": "7",
				"hoahoc": "7",
				"sinhhoc": "10",
				"tinhoc": "4.3",
				"van": "7",
				"su": "7.5",
				"dialy": "7.5",
				"tienganh": "5.5",
				"gdcd": "8",
				"theduc": "Đ",
				"GDQPAN": "7"
			},
			{
				"stt": "32",
				"lop": "10A2",
				"mahs": "THPTPL033",
				"tenhs": "Hà Thị Hương Giang",
				"toan": "6",
				"vatly": "6.5",
				"hoahoc": "6",
				"sinhhoc": "10",
				"tinhoc": "6.8",
				"van": "7",
				"su": "7.5",
				"dialy": "7.5",
				"tienganh": "4.3",
				"gdcd": "7",
				"theduc": "Đ",
				"GDQPAN": "7"
			},
			{
				"stt": "33",
				"lop": "10A2",
				"mahs": "THPTPL034",
				"tenhs": "Nguyễn Thị Hiên",
				"toan": "5",
				"vatly": "4.5",
				"hoahoc": "5.5",
				"sinhhoc": "10",
				"tinhoc": "7.8",
				"van": "7",
				"su": "8.3",
				"dialy": "7.8",
				"tienganh": "5.3",
				"gdcd": "9",
				"theduc": "Đ",
				"GDQPAN": "7"
			},
			{
				"stt": "34",
				"lop": "10A2",
				"mahs": "THPTPL035",
				"tenhs": "Lương Ngọc Huyên",
				"toan": "6",
				"vatly": "7.3",
				"hoahoc": "7.5",
				"sinhhoc": "10",
				"tinhoc": "6.5",
				"van": "8",
				"su": "9.5",
				"dialy": "8.5",
				"tienganh": "4.3",
				"gdcd": "8",
				"theduc": "Đ",
				"GDQPAN": "7"
			},
			{
				"stt": "35",
				"lop": "10A2",
				"mahs": "THPTPL036",
				"tenhs": "Ma Thị Thtienganh Huyền",
				"toan": "4",
				"vatly": "5",
				"hoahoc": "5",
				"sinhhoc": "10",
				"tinhoc": "7.5",
				"van": "7",
				"su": "8.3",
				"dialy": "7.8",
				"tienganh": "5",
				"gdcd": "8.3",
				"theduc": "Đ",
				"GDQPAN": "6"
			},
			{
				"stt": "36",
				"lop": "10A2",
				"mahs": "THPTPL037",
				"tenhs": "Lý Thị Huynh",
				"toan": "4",
				"vatly": "6",
				"hoahoc": "6",
				"sinhhoc": "10",
				"tinhoc": "4.3",
				"van": "5",
				"su": "8",
				"dialy": "7.8",
				"tienganh": "5",
				"gdcd": "7.3",
				"theduc": "Đ",
				"GDQPAN": "6"
			},
			{
				"stt": "37",
				"lop": "10A2",
				"mahs": "THPTPL038",
				"tenhs": "Ma Thị Hương",
				"toan": "4",
				"vatly": "6.5",
				"hoahoc": "8",
				"sinhhoc": "10",
				"tinhoc": "7.3",
				"van": "6",
				"su": "7",
				"dialy": "8.8",
				"tienganh": "5.8",
				"gdcd": "8",
				"theduc": "Đ",
				"GDQPAN": "7"
			},
			{
				"stt": "38",
				"lop": "10A2",
				"mahs": "THPTPL039",
				"tenhs": "Ma Thu Hường",
				"toan": "6",
				"vatly": "6",
				"hoahoc": "4",
				"sinhhoc": "10",
				"tinhoc": "5.5",
				"van": "6",
				"su": "6.8",
				"dialy": "8",
				"tienganh": "4.5",
				"gdcd": "8",
				"theduc": "Đ",
				"GDQPAN": "7"
			},
			{
				"stt": "39",
				"lop": "10A2",
				"mahs": "THPTPL040",
				"tenhs": "Triệu Thị Lan",
				"toan": "6",
				"vatly": "5",
				"hoahoc": "4.5",
				"sinhhoc": "10",
				"tinhoc": "5",
				"van": "7",
				"su": "8.3",
				"dialy": "8.3",
				"tienganh": "7",
				"gdcd": "8",
				"theduc": "Đ",
				"GDQPAN": "7"
			},
			{
				"stt": "40",
				"lop": "10A2",
				"mahs": "THPTPL041",
				"tenhs": "Đặng Văn Lều",
				"toan": "6",
				"vatly": "6.5",
				"hoahoc": "5",
				"sinhhoc": "10",
				"tinhoc": "5.3",
				"van": "7",
				"su": "4.3",
				"dialy": "6.8",
				"tienganh": "6",
				"gdcd": "8",
				"theduc": "Đ",
				"GDQPAN": "7"
			},
			{
				"stt": "41",
				"lop": "10A2",
				"mahs": "THPTPL042",
				"tenhs": "Hoàng Hải Linh",
				"toan": "5",
				"vatly": "7",
				"hoahoc": "6.5",
				"sinhhoc": "10",
				"tinhoc": "6",
				"van": "8",
				"su": "9.5",
				"dialy": "8.5",
				"tienganh": "5.8",
				"gdcd": "8.7",
				"theduc": "Đ",
				"GDQPAN": "8"
			},
			{
				"stt": "42",
				"lop": "10A2",
				"mahs": "THPTPL043",
				"tenhs": "Tô Khánh Ly",
				"toan": "5",
				"vatly": "4.5",
				"hoahoc": "3.5",
				"sinhhoc": "10",
				"tinhoc": "5",
				"van": "7",
				"su": "7.3",
				"dialy": "8.3",
				"tienganh": "6.8",
				"gdcd": "8.3",
				"theduc": "Đ",
				"GDQPAN": "8"
			},
			{
				"stt": "43",
				"lop": "10A2",
				"mahs": "THPTPL044",
				"tenhs": "Đặng Trường Minh",
				"toan": "6",
				"vatly": "9",
				"hoahoc": "8",
				"sinhhoc": "10",
				"tinhoc": "5.5",
				"van": "7",
				"su": "6.5",
				"dialy": "7.8",
				"tienganh": "5",
				"gdcd": "8",
				"theduc": "Đ",
				"GDQPAN": "9"
			},
			{
				"stt": "44",
				"lop": "10A2",
				"mahs": "THPTPL045",
				"tenhs": "Ngô Bích Ngọc",
				"toan": "6",
				"vatly": "7",
				"hoahoc": "7.5",
				"sinhhoc": "10",
				"tinhoc": "6",
				"van": "7",
				"su": "9.3",
				"dialy": "7.5",
				"tienganh": "6.3",
				"gdcd": "9.3",
				"theduc": "Đ",
				"GDQPAN": "8"
			},
			{
				"stt": "45",
				"lop": "10A2",
				"mahs": "THPTPL046",
				"tenhs": "Nguyễn Thị Huyền Ngọc",
				"toan": "4",
				"vatly": "2.3",
				"hoahoc": "6",
				"sinhhoc": "10",
				"tinhoc": "4.8",
				"van": "7",
				"su": "6.5",
				"dialy": "7.3",
				"tienganh": "4.8",
				"gdcd": "5.3",
				"theduc": "Đ",
				"GDQPAN": "8"
			},
			{
				"stt": "46",
				"lop": "10A2",
				"mahs": "THPTPL047",
				"tenhs": "Hoàng Thị Hồng Nhung",
				"toan": "6",
				"vatly": "6.5",
				"hoahoc": "5",
				"sinhhoc": "10",
				"tinhoc": "5.5",
				"van": "6.5",
				"su": "7.5",
				"dialy": "7.8",
				"tienganh": "7.5",
				"gdcd": "9",
				"theduc": "Đ",
				"GDQPAN": "7"
			},
			{
				"stt": "47",
				"lop": "10A2",
				"mahs": "THPTPL049",
				"tenhs": "Triệu Minh Quốc",
				"toan": "4",
				"vatly": "5",
				"hoahoc": "5",
				"sinhhoc": "10",
				"tinhoc": "5",
				"van": "7",
				"su": "6.3",
				"dialy": "7.8",
				"tienganh": "6",
				"gdcd": "8",
				"theduc": "Đ",
				"GDQPAN": "6"
			},
			{
				"stt": "48",
				"lop": "10A2",
				"mahs": "THPTPL050",
				"tenhs": "Lương Ngọc Sơn",
				"toan": "5",
				"vatly": "5",
				"hoahoc": "7.5",
				"sinhhoc": "10",
				"tinhoc": "5.8",
				"van": "4",
				"su": "9.3",
				"dialy": "6",
				"tienganh": "5.3",
				"gdcd": "7.7",
				"theduc": "Đ",
				"GDQPAN": "7"
			},
			{
				"stt": "49",
				"lop": "10A2",
				"mahs": "THPTPL051",
				"tenhs": "Đàm Ngọc Thành",
				"toan": "6",
				"vatly": "9",
				"hoahoc": "6.5",
				"sinhhoc": "1",
				"tinhoc": "5",
				"van": "6",
				"su": "5.8",
				"dialy": "8",
				"tienganh": "5.5",
				"gdcd": "7",
				"theduc": "Đ",
				"GDQPAN": "7"
			},
			{
				"stt": "50",
				"lop": "10A2",
				"mahs": "THPTPL052",
				"tenhs": "Mã Văn Thư",
				"toan": "5",
				"vatly": "6",
				"hoahoc": "5",
				"sinhhoc": "9.5",
				"tinhoc": "4.8",
				"van": "6",
				"su": "8.3",
				"dialy": "7",
				"tienganh": "5.3",
				"gdcd": "9",
				"theduc": "Đ",
				"GDQPAN": "7"
			},
			{
				"stt": "51",
				"lop": "10A2",
				"mahs": "THPTPL053",
				"tenhs": "Nguyễn Thị Trang",
				"toan": "5",
				"vatly": "4.5",
				"hoahoc": "4",
				"sinhhoc": "10",
				"tinhoc": "8.3",
				"van": "7",
				"su": "8.5",
				"dialy": "7.8",
				"tienganh": "6.3",
				"gdcd": "7.3",
				"theduc": "Đ",
				"GDQPAN": "8"
			},
			{
				"stt": "52",
				"lop": "10A2",
				"mahs": "THPTPL054",
				"tenhs": "Nguyễn Linh Trang",
				"toan": "6",
				"vatly": "7",
				"hoahoc": "8.5",
				"sinhhoc": "10",
				"tinhoc": "4",
				"van": "7",
				"su": "8.3",
				"dialy": "8",
				"tienganh": "6.5",
				"gdcd": "8.3",
				"theduc": "Đ",
				"GDQPAN": "7"
			},
			{
				"stt": "53",
				"lop": "10A2",
				"mahs": "THPTPL055",
				"tenhs": "Hoàng Thị Ngọc Trinh",
				"toan": "6",
				"vatly": "7.5",
				"hoahoc": "9",
				"sinhhoc": "8.5",
				"tinhoc": "6.3",
				"van": "7",
				"su": "9.8",
				"dialy": "8",
				"tienganh": "4.5",
				"gdcd": "8.7",
				"theduc": "Đ",
				"GDQPAN": "8"
			},
			{
				"stt": "54",
				"lop": "10A2",
				"mahs": "THPTPL056",
				"tenhs": "Từ Quang Tùng",
				"toan": "6",
				"vatly": "6.5",
				"hoahoc": "4",
				"sinhhoc": "10",
				"tinhoc": "4.8",
				"van": "7",
				"su": "6",
				"dialy": "7.8",
				"tienganh": "4.3",
				"gdcd": "8",
				"theduc": "Đ",
				"GDQPAN": "8"
			},
			{
				"stt": "55",
				"lop": "10A2",
				"mahs": "THPTPL057",
				"tenhs": "Lã Quang Vinh",
				"toan": "3",
				"vatly": "2.5",
				"hoahoc": "5.5",
				"sinhhoc": "10",
				"tinhoc": "5",
				"van": "6",
				"su": "6.8",
				"dialy": "7",
				"tienganh": "5",
				"gdcd": "8.3",
				"theduc": "Đ",
				"GDQPAN": "8"
			},
			{
				"stt": "56",
				"lop": "10A2",
				"mahs": "THPTPL058",
				"tenhs": "Trần Thị Ngọc Yến",
				"toan": "6",
				"vatly": "7",
				"hoahoc": "7",
				"sinhhoc": "10",
				"tinhoc": "7",
				"van": "8",
				"su": "8.8",
				"dialy": "7.8",
				"tienganh": "6",
				"gdcd": "8.7",
				"theduc": "Đ",
				"GDQPAN": "7"
			},
			{
				"stt": "57",
				"lop": "10A3",
				"mahs": "THPTPL059",
				"tenhs": "Mai Lan Anh",
				"toan": "5.3",
				"vatly": "6",
				"hoahoc": "4",
				"sinhhoc": "7",
				"tinhoc": "5",
				"van": "4.5",
				"su": "6",
				"dialy": "5.5",
				"tienganh": "3.8",
				"gdcd": "7",
				"congnghe": "7",
				"theduc": "Đ",
				"GDQPAN": "8"
			},
			{
				"stt": "58",
				"lop": "10A3",
				"mahs": "THPTPL060",
				"tenhs": "Tướng Vân Anh",
				"toan": "5.5",
				"vatly": "3.5",
				"hoahoc": "4",
				"sinhhoc": "6",
				"tinhoc": "7.5",
				"van": "6",
				"su": "4.3",
				"dialy": "5",
				"tienganh": "4.3",
				"gdcd": "6",
				"congnghe": "7",
				"theduc": "Đ",
				"GDQPAN": "8"
			},
			{
				"stt": "59",
				"lop": "10A3",
				"mahs": "THPTPL061",
				"tenhs": "Hoàng Thị Hồng Anh",
				"toan": "9.8",
				"vatly": "6.5",
				"hoahoc": "8",
				"sinhhoc": "7",
				"tinhoc": "6.5",
				"van": "6.5",
				"su": "6.3",
				"dialy": "6.3",
				"tienganh": "6.5",
				"gdcd": "8.3",
				"congnghe": "8",
				"theduc": "Đ",
				"GDQPAN": "8"
			},
			{
				"stt": "60",
				"lop": "10A3",
				"mahs": "THPTPL062",
				"tenhs": "Hoàng Vương Bắc",
				"toan": "5.3",
				"vatly": "7",
				"hoahoc": "5.8",
				"sinhhoc": "6",
				"tinhoc": "5",
				"van": "4.5",
				"su": "6.5",
				"dialy": "7.5",
				"tienganh": "4.3",
				"gdcd": "8",
				"congnghe": "6",
				"theduc": "Đ",
				"GDQPAN": "8"
			},
			{
				"stt": "61",
				"lop": "10A3",
				"mahs": "THPTPL063",
				"tenhs": "Mạc Thị Quỳnh Chi",
				"toan": "5.5",
				"vatly": "4.5",
				"hoahoc": "3.8",
				"sinhhoc": "7",
				"tinhoc": "5.5",
				"van": "5.5",
				"su": "6",
				"dialy": "5.6",
				"tienganh": "3.8",
				"gdcd": "4.7",
				"congnghe": "7",
				"theduc": "Đ",
				"GDQPAN": "8"
			},
			{
				"stt": "62",
				"lop": "10A3",
				"mahs": "THPTPL064",
				"tenhs": "Nguyễn Kim Dung",
				"toan": "8.5",
				"vatly": "6.5",
				"hoahoc": "6.8",
				"sinhhoc": "7",
				"tinhoc": "7.5",
				"van": "7.5",
				"su": "8",
				"dialy": "9.1",
				"tienganh": "5.8",
				"gdcd": "7.7",
				"congnghe": "8",
				"theduc": "Đ",
				"GDQPAN": "8"
			},
			{
				"stt": "63",
				"lop": "10A3",
				"mahs": "THPTPL065",
				"tenhs": "Hoàng Thị Hiền",
				"toan": "4.3",
				"vatly": "4.5",
				"hoahoc": "4.8",
				"sinhhoc": "6",
				"tinhoc": "6",
				"van": "4.5",
				"su": "6.3",
				"dialy": "8.5",
				"tienganh": "2.5",
				"gdcd": "7",
				"congnghe": "8",
				"theduc": "Đ",
				"GDQPAN": "8"
			},
			{
				"stt": "64",
				"lop": "10A3",
				"mahs": "THPTPL066",
				"tenhs": "Hoàng Thị Hòa",
				"toan": "5.8",
				"vatly": "7.5",
				"hoahoc": "4.5",
				"sinhhoc": "7",
				"tinhoc": "6",
				"van": "5.5",
				"su": "2.5",
				"dialy": "7.2",
				"tienganh": "2.8",
				"gdcd": "8",
				"congnghe": "7",
				"theduc": "Đ",
				"GDQPAN": "7"
			},
			{
				"stt": "65",
				"lop": "10A3",
				"mahs": "THPTPL067",
				"tenhs": "Trương Văn Hoàng",
				"toan": "3",
				"vatly": "6",
				"hoahoc": "7.3",
				"sinhhoc": "6",
				"tinhoc": "5",
				"van": "4",
				"su": "4.3",
				"dialy": "5.5",
				"tienganh": "2.5",
				"gdcd": "8.3",
				"congnghe": "7",
				"theduc": "Đ",
				"GDQPAN": "8"
			},
			{
				"stt": "66",
				"lop": "10A3",
				"mahs": "THPTPL068",
				"tenhs": "Lý Văn Hoạt",
				"toan": "2",
				"vatly": "3",
				"hoahoc": "5",
				"sinhhoc": "6",
				"tinhoc": "6",
				"van": "4",
				"su": "5",
				"dialy": "4.1",
				"tienganh": "4.5",
				"gdcd": "6.7",
				"congnghe": "6",
				"theduc": "Đ",
				"GDQPAN": "7"
			},
			{
				"stt": "67",
				"lop": "10A3",
				"mahs": "THPTPL069",
				"tenhs": "Mai Thị Hướng",
				"toan": "9",
				"vatly": "7",
				"hoahoc": "9",
				"sinhhoc": "7",
				"tinhoc": "6",
				"van": "6",
				"su": "8",
				"dialy": "7.2",
				"tienganh": "6.8",
				"gdcd": "7.3",
				"congnghe": "7",
				"theduc": "Đ",
				"GDQPAN": "8"
			},
			{
				"stt": "68",
				"lop": "10A3",
				"mahs": "THPTPL070",
				"tenhs": "Lưu Văn Lâm",
				"toan": "9.3",
				"vatly": "7.5",
				"hoahoc": "4.3",
				"sinhhoc": "6",
				"tinhoc": "6",
				"van": "5.5",
				"su": "6.3",
				"dialy": "6",
				"tienganh": "2.3",
				"gdcd": "6.7",
				"congnghe": "7",
				"theduc": "Đ",
				"GDQPAN": "8"
			},
			{
				"stt": "69",
				"lop": "10A3",
				"mahs": "THPTPL071",
				"tenhs": "Anh Đức Luận",
				"toan": "5",
				"vatly": "6",
				"hoahoc": "2.3",
				"sinhhoc": "6",
				"tinhoc": "5",
				"van": "5.5",
				"su": "8.3",
				"dialy": "6.3",
				"tienganh": "4.5",
				"gdcd": "8.3",
				"congnghe": "6",
				"theduc": "Đ",
				"GDQPAN": "8"
			},
			{
				"stt": "70",
				"lop": "10A3",
				"mahs": "THPTPL072",
				"tenhs": "Bàn Thị Lý",
				"toan": "6.8",
				"vatly": "6.5",
				"hoahoc": "6.8",
				"sinhhoc": "7",
				"tinhoc": "6.5",
				"van": "4",
				"su": "7.8",
				"dialy": "5.6",
				"tienganh": "4.3",
				"gdcd": "6.3",
				"congnghe": "7",
				"theduc": "Đ",
				"GDQPAN": "8"
			},
			{
				"stt": "71",
				"lop": "10A3",
				"mahs": "THPTPL073",
				"tenhs": "Hoàng Thị Mai",
				"toan": "3.8",
				"vatly": "7.5",
				"hoahoc": "5",
				"sinhhoc": "6",
				"tinhoc": "6.5",
				"van": "5",
				"su": "5",
				"dialy": "7",
				"tienganh": "4",
				"gdcd": "5",
				"congnghe": "7",
				"theduc": "Đ",
				"GDQPAN": "8"
			},
			{
				"stt": "72",
				"lop": "10A3",
				"mahs": "THPTPL074",
				"tenhs": "Hồ Văn Minh",
				"toan": "7.3",
				"vatly": "8",
				"hoahoc": "4",
				"sinhhoc": "6",
				"tinhoc": "5.5",
				"van": "7",
				"su": "7.3",
				"dialy": "5",
				"tienganh": "7",
				"gdcd": "8.3",
				"congnghe": "6",
				"theduc": "Đ",
				"GDQPAN": "8"
			},
			{
				"stt": "73",
				"lop": "10A3",
				"mahs": "THPTPL075",
				"tenhs": "Hoàng Thị Trà My",
				"toan": "6.3",
				"vatly": "7",
				"hoahoc": "4.5",
				"sinhhoc": "7",
				"tinhoc": "5",
				"van": "6",
				"su": "4.3",
				"dialy": "7.5",
				"tienganh": "5.5",
				"gdcd": "7.7",
				"congnghe": "7",
				"theduc": "Đ",
				"GDQPAN": "8"
			},
			{
				"stt": "74",
				"lop": "10A3",
				"mahs": "THPTPL076",
				"tenhs": "Ma Thị Năm",
				"toan": "4.3",
				"vatly": "6",
				"hoahoc": "4.3",
				"sinhhoc": "7",
				"tinhoc": "5.5",
				"van": "4.5",
				"su": "5.8",
				"dialy": "6",
				"tienganh": "4",
				"gdcd": "6",
				"congnghe": "6",
				"theduc": "Đ",
				"GDQPAN": "8"
			},
			{
				"stt": "75",
				"lop": "10A3",
				"mahs": "THPTPL077",
				"tenhs": "Hoàng Thị Nhung",
				"toan": "5.8",
				"vatly": "7.5",
				"hoahoc": "6",
				"sinhhoc": "7",
				"tinhoc": "7.5",
				"van": "6",
				"su": "6.3",
				"dialy": "7.8",
				"tienganh": "5",
				"gdcd": "7.7",
				"congnghe": "7",
				"theduc": "Đ",
				"GDQPAN": "8"
			},
			{
				"stt": "76",
				"lop": "10A3",
				"mahs": "THPTPL078",
				"tenhs": "Nình Văn Phương",
				"toan": "7.8",
				"vatly": "8.5",
				"hoahoc": "5",
				"sinhhoc": "6",
				"tinhoc": "8.5",
				"van": "6.5",
				"su": "5.8",
				"dialy": "5.6",
				"tienganh": "5",
				"gdcd": "8.3",
				"congnghe": "6",
				"theduc": "Đ",
				"GDQPAN": "8"
			},
			{
				"stt": "77",
				"lop": "10A3",
				"mahs": "THPTPL079",
				"tenhs": "Lô Thị Như Quỳnh",
				"toan": "6.8",
				"vatly": "7.5",
				"hoahoc": "7",
				"sinhhoc": "7",
				"tinhoc": "7.5",
				"van": "6.5",
				"su": "7.5",
				"dialy": "5.6",
				"tienganh": "5",
				"gdcd": "7.7",
				"congnghe": "7",
				"theduc": "Đ",
				"GDQPAN": "8"
			},
			{
				"stt": "78",
				"lop": "10A3",
				"mahs": "THPTPL080",
				"tenhs": "Lý Dân Sự",
				"toan": "2.3",
				"vatly": "4.5",
				"hoahoc": "5",
				"sinhhoc": "6",
				"tinhoc": "5.5",
				"van": "4",
				"su": "4.8",
				"dialy": "5.5",
				"tienganh": "2",
				"gdcd": "5.7",
				"congnghe": "6",
				"theduc": "Đ",
				"GDQPAN": "9"
			},
			{
				"stt": "79",
				"lop": "10A3",
				"mahs": "THPTPL081",
				"tenhs": "Nông Đức Tài",
				"toan": "6.5",
				"vatly": "5",
				"hoahoc": "6.5",
				"sinhhoc": "7",
				"tinhoc": "6.5",
				"van": "4",
				"su": "6.5",
				"dialy": "6.6",
				"tienganh": "5",
				"gdcd": "7.7",
				"congnghe": "6",
				"theduc": "Đ",
				"GDQPAN": "7"
			},
			{
				"stt": "80",
				"lop": "10A3",
				"mahs": "THPTPL082",
				"tenhs": "Mạc Văn Tân",
				"toan": "4",
				"vatly": "6",
				"hoahoc": "4.3",
				"sinhhoc": "6",
				"tinhoc": "5",
				"van": "5.5",
				"su": "2",
				"dialy": "6.9",
				"tienganh": "2",
				"gdcd": "6",
				"congnghe": "6",
				"theduc": "Đ",
				"GDQPAN": "8"
			},
			{
				"stt": "81",
				"lop": "10A3",
				"mahs": "THPTPL083",
				"tenhs": "Bàn Văn Tân",
				"toan": "4.3",
				"vatly": "5.5",
				"hoahoc": "5.8",
				"sinhhoc": "6",
				"tinhoc": "4.5",
				"van": "3.5",
				"su": "3.3",
				"dialy": "5.6",
				"tienganh": "2.3",
				"gdcd": "8",
				"congnghe": "6",
				"theduc": "Đ",
				"GDQPAN": "8"
			},
			{
				"stt": "82",
				"lop": "10A3",
				"mahs": "THPTPL084",
				"tenhs": "Hoàng Thị Thân",
				"toan": "5",
				"vatly": "6.5",
				"hoahoc": "5.5",
				"sinhhoc": "7",
				"tinhoc": "6.5",
				"van": "7.5",
				"su": "4.8",
				"dialy": "7.5",
				"tienganh": "6.8",
				"gdcd": "8",
				"congnghe": "6",
				"theduc": "Đ",
				"GDQPAN": "8"
			},
			{
				"stt": "83",
				"lop": "10A3",
				"mahs": "THPTPL085",
				"tenhs": "Mã Văn Thịnh",
				"toan": "4.5",
				"vatly": "6.5",
				"hoahoc": "5.5",
				"sinhhoc": "6",
				"tinhoc": "6.5",
				"van": "4",
				"su": "4.5",
				"dialy": "8.8",
				"tienganh": "3.5",
				"gdcd": "7.3",
				"congnghe": "6",
				"theduc": "Đ",
				"GDQPAN": "8"
			},
			{
				"stt": "84",
				"lop": "10A3",
				"mahs": "THPTPL086",
				"tenhs": "Ma Thị Thương",
				"toan": "4.8",
				"vatly": "5.5",
				"hoahoc": "6.3",
				"sinhhoc": "6",
				"tinhoc": "8.5",
				"van": "5.5",
				"su": "5",
				"dialy": "6.3",
				"tienganh": "4.3",
				"gdcd": "8.3",
				"congnghe": "7",
				"theduc": "Đ",
				"GDQPAN": "7"
			},
			{
				"stt": "85",
				"lop": "10A3",
				"mahs": "THPTPL087",
				"tenhs": "Lý Thị Thương",
				"toan": "5.3",
				"vatly": "7",
				"hoahoc": "3.8",
				"sinhhoc": "7",
				"tinhoc": "6",
				"van": "6",
				"su": "6",
				"dialy": "5",
				"tienganh": "4.5",
				"gdcd": "8",
				"congnghe": "7",
				"theduc": "Đ",
				"GDQPAN": "9"
			},
			{
				"stt": "86",
				"lop": "10A3",
				"mahs": "THPTPL088",
				"tenhs": "Đặng Văn Tiến",
				"toan": "4",
				"vatly": "5.5",
				"hoahoc": "5.8",
				"sinhhoc": "6",
				"tinhoc": "5",
				"van": "4",
				"su": "4.3",
				"dialy": "5",
				"tienganh": "3",
				"gdcd": "6",
				"congnghe": "6",
				"theduc": "Đ",
				"GDQPAN": "8"
			},
			{
				"stt": "87",
				"lop": "10A3",
				"mahs": "THPTPL089",
				"tenhs": "Triệu Thị Hà Trang",
				"toan": "8",
				"vatly": "7",
				"hoahoc": "7.3",
				"sinhhoc": "6",
				"tinhoc": "6.5",
				"van": "6.5",
				"su": "6.8",
				"dialy": "6.3",
				"tienganh": "6.3",
				"gdcd": "7.3",
				"congnghe": "7",
				"theduc": "Đ",
				"GDQPAN": "8"
			},
			{
				"stt": "88",
				"lop": "10A3",
				"mahs": "THPTPL090",
				"tenhs": "Khổng Xuân Trường",
				"toan": "5",
				"vatly": "6.5",
				"hoahoc": "4",
				"sinhhoc": "6",
				"tinhoc": "4.5",
				"van": "5",
				"su": "3.8",
				"dialy": "5",
				"tienganh": "5",
				"gdcd": "5",
				"congnghe": "6",
				"theduc": "Đ",
				"GDQPAN": "7"
			},
			{
				"stt": "89",
				"lop": "10A3",
				"mahs": "THPTPL091",
				"tenhs": "Hoàng Anh Tuấn",
				"toan": "4.5",
				"vatly": "4",
				"hoahoc": "4.5",
				"sinhhoc": "6",
				"tinhoc": "6",
				"van": "5",
				"su": "4",
				"dialy": "5",
				"tienganh": "2.5",
				"gdcd": "5.7",
				"congnghe": "6",
				"theduc": "Đ",
				"GDQPAN": "8"
			},
			{
				"stt": "90",
				"lop": "10A3",
				"mahs": "THPTPL092",
				"tenhs": "Hoàng Minh Tuệ",
				"toan": "4.5",
				"vatly": "7",
				"hoahoc": "5",
				"sinhhoc": "7",
				"tinhoc": "6.5",
				"van": "4",
				"su": "6.5",
				"dialy": "9.4",
				"tienganh": "4.3",
				"gdcd": "7.3",
				"congnghe": "7",
				"theduc": "Đ",
				"GDQPAN": "8"
			},
			{
				"stt": "91",
				"lop": "10A3",
				"mahs": "THPTPL093",
				"tenhs": "Vi Đình Tuý",
				"toan": "7",
				"vatly": "6.5",
				"hoahoc": "3.3",
				"sinhhoc": "6",
				"tinhoc": "7",
				"van": "6",
				"su": "4.3",
				"dialy": "5",
				"tienganh": "4",
				"gdcd": "6",
				"congnghe": "6",
				"theduc": "Đ",
				"GDQPAN": "8"
			},
			{
				"stt": "92",
				"lop": "10A3",
				"mahs": "THPTPL094",
				"tenhs": "Lý Tri Tường",
				"toan": "5.3",
				"vatly": "6",
				"hoahoc": "3.5",
				"sinhhoc": "6",
				"tinhoc": "6",
				"van": "5",
				"su": "6.8",
				"dialy": "6.6",
				"tienganh": "3.3",
				"gdcd": "6.3",
				"congnghe": "7",
				"theduc": "Đ",
				"GDQPAN": "8"
			},
			{
				"stt": "93",
				"lop": "10A3",
				"mahs": "THPTPL095",
				"tenhs": "Hoàng Văn Vân",
				"toan": "8",
				"vatly": "6",
				"hoahoc": "6.3",
				"sinhhoc": "7",
				"tinhoc": "5",
				"van": "5",
				"su": "6",
				"dialy": "5.6",
				"tienganh": "5",
				"gdcd": "6.7",
				"congnghe": "6",
				"theduc": "Đ",
				"GDQPAN": "8"
			},
			{
				"stt": "94",
				"lop": "10A3",
				"mahs": "THPTPL096",
				"tenhs": "Nguyễn Tuấn Vũ",
				"toan": "5",
				"vatly": "6.5",
				"hoahoc": "7.3",
				"sinhhoc": "7",
				"tinhoc": "5",
				"van": "5",
				"su": "4.3",
				"dialy": "7.5",
				"tienganh": "5.8",
				"gdcd": "7.3",
				"congnghe": "6",
				"theduc": "Đ",
				"GDQPAN": "9"
			},
			{
				"stt": "95",
				"lop": "10A3",
				"mahs": "THPTPL097",
				"tenhs": "Nông Văn Vương",
				"toan": "8",
				"vatly": "7",
				"hoahoc": "5.5",
				"sinhhoc": "6",
				"tinhoc": "6.5",
				"van": "4.5",
				"su": "4",
				"dialy": "7.2",
				"tienganh": "4.8",
				"gdcd": "7.3",
				"congnghe": "7",
				"theduc": "Đ",
				"GDQPAN": "8"
			},
			{
				"stt": "96",
				"lop": "10A3",
				"mahs": "THPTPL098",
				"tenhs": "Lê Thị Bình Yên",
				"toan": "7.5",
				"vatly": "7",
				"hoahoc": "5.8",
				"sinhhoc": "7",
				"tinhoc": "7",
				"van": "6.5",
				"su": "4",
				"dialy": "5.5",
				"tienganh": "4.8",
				"gdcd": "6.3",
				"congnghe": "6",
				"theduc": "Đ",
				"GDQPAN": "8"
			},
			{
				"stt": "97",
				"lop": "10A4",
				"mahs": "THPTPL099",
				"tenhs": "Trần Đức Cảnh",
				"toan": "5.8",
				"vatly": "5.5",
				"hoahoc": "2.8",
				"sinhhoc": "8.5",
				"van": "5.5",
				"su": "4.3",
				"dialy": "5.6",
				"tienganh": "3",
				"gdcd": "8",
				"congnghe": "7",
				"theduc": "Đ",
				"GDQPAN": "6"
			},
			{
				"stt": "98",
				"lop": "10A4",
				"mahs": "THPTPL100",
				"tenhs": "Lý Thị Diên",
				"toan": "5.3",
				"vatly": "5",
				"hoahoc": "4.5",
				"sinhhoc": "7",
				"van": "6.5",
				"su": "7.3",
				"dialy": "6",
				"tienganh": "3.5",
				"gdcd": "7.7",
				"congnghe": "6",
				"theduc": "Đ",
				"GDQPAN": "8"
			},
			{
				"stt": "99",
				"lop": "10A4",
				"mahs": "THPTPL101",
				"tenhs": "Hà Văn Dotienganh",
				"toan": "4.5",
				"vatly": "5",
				"hoahoc": "5.3",
				"sinhhoc": "6.5",
				"van": "5",
				"su": "3.5",
				"dialy": "4.5",
				"tienganh": "2.5",
				"gdcd": "3",
				"congnghe": "6",
				"theduc": "Đ",
				"GDQPAN": "6"
			},
			{
				"stt": "100",
				"lop": "10A4",
				"mahs": "THPTPL102",
				"tenhs": "Lộc Bảo Duy",
				"toan": "5",
				"vatly": "4.5",
				"hoahoc": "5",
				"sinhhoc": "6.5",
				"van": "5.5",
				"su": "4",
				"dialy": "5",
				"tienganh": "5.3",
				"gdcd": "3.7",
				"congnghe": "6",
				"theduc": "Đ",
				"GDQPAN": "7"
			},
			{
				"stt": "101",
				"lop": "10A4",
				"mahs": "THPTPL103",
				"tenhs": "Triệu Văn Duy"
			},
			{
				"stt": "102",
				"lop": "10A4",
				"mahs": "THPTPL104",
				"tenhs": "Vi Thtienganh Đạt",
				"toan": "4",
				"vatly": "5.5",
				"hoahoc": "5.8",
				"sinhhoc": "6",
				"van": "4.5",
				"su": "3.3",
				"dialy": "7",
				"tienganh": "3",
				"gdcd": "7.3",
				"congnghe": "6",
				"theduc": "Đ",
				"GDQPAN": "7"
			},
			{
				"stt": "103",
				"lop": "10A4",
				"mahs": "THPTPL105",
				"tenhs": "Phạm Thị Hiền",
				"toan": "5.3",
				"vatly": "4.5",
				"hoahoc": "6.5",
				"sinhhoc": "7.5",
				"van": "6.5",
				"su": "6.3",
				"dialy": "5.6",
				"tienganh": "6.5",
				"gdcd": "7.7",
				"congnghe": "7",
				"theduc": "Đ",
				"GDQPAN": "8"
			},
			{
				"stt": "104",
				"lop": "10A4",
				"mahs": "THPTPL106",
				"tenhs": "Đặng Văn Hiếu",
				"toan": "5.8",
				"vatly": "5",
				"hoahoc": "5.5",
				"sinhhoc": "6.5",
				"van": "6.5",
				"su": "6.5",
				"dialy": "6.3",
				"tienganh": "5",
				"gdcd": "7.7",
				"congnghe": "7",
				"theduc": "Đ",
				"GDQPAN": "9"
			},
			{
				"stt": "105",
				"lop": "10A4",
				"mahs": "THPTPL107",
				"tenhs": "Triệu Văn Hoàng",
				"toan": "7.5",
				"vatly": "7.5",
				"hoahoc": "7.5",
				"sinhhoc": "8",
				"van": "7",
				"su": "7.3",
				"dialy": "7",
				"tienganh": "6",
				"gdcd": "7",
				"congnghe": "7",
				"theduc": "Đ",
				"GDQPAN": "8"
			},
			{
				"stt": "106",
				"lop": "10A4",
				"mahs": "THPTPL108",
				"tenhs": "Hoàng Văn Huy",
				"toan": "3.3",
				"vatly": "6.5",
				"hoahoc": "2.8",
				"sinhhoc": "6",
				"van": "6",
				"su": "4",
				"dialy": "6.3",
				"tienganh": "5",
				"gdcd": "6.3",
				"congnghe": "6",
				"theduc": "Đ",
				"GDQPAN": "6"
			},
			{
				"stt": "107",
				"lop": "10A4",
				"mahs": "THPTPL109",
				"tenhs": "Nguyễn Thị Hường",
				"toan": "5",
				"vatly": "4",
				"hoahoc": "4",
				"sinhhoc": "7.5",
				"van": "7",
				"su": "5",
				"dialy": "7",
				"tienganh": "5",
				"gdcd": "9.3",
				"congnghe": "8",
				"theduc": "Đ",
				"GDQPAN": "8"
			},
			{
				"stt": "108",
				"lop": "10A4",
				"mahs": "THPTPL110",
				"tenhs": "Trần Quốc Hữu",
				"toan": "5.3",
				"vatly": "5",
				"hoahoc": "6",
				"sinhhoc": "4",
				"van": "4.5",
				"su": "7.3",
				"dialy": "5.6",
				"tienganh": "2",
				"gdcd": "7",
				"congnghe": "6",
				"theduc": "Đ",
				"GDQPAN": "7"
			},
			{
				"stt": "109",
				"lop": "10A4",
				"mahs": "THPTPL111",
				"tenhs": "Trần Đức Khánh",
				"toan": "3",
				"vatly": "3.5",
				"hoahoc": "2.5",
				"sinhhoc": "6.5",
				"van": "3.5",
				"su": "4.5",
				"dialy": "5",
				"tienganh": "3",
				"gdcd": "7.7",
				"congnghe": "6",
				"theduc": "Đ",
				"GDQPAN": "7"
			},
			{
				"stt": "110",
				"lop": "10A4",
				"mahs": "THPTPL112",
				"tenhs": "Hà Văn Khánh",
				"toan": "3",
				"vatly": "4.5",
				"hoahoc": "2.8",
				"sinhhoc": "8",
				"van": "6.5",
				"su": "5",
				"dialy": "5",
				"tienganh": "3",
				"gdcd": "6.3",
				"congnghe": "7",
				"theduc": "Đ",
				"GDQPAN": "8"
			},
			{
				"stt": "111",
				"lop": "10A4",
				"mahs": "THPTPL113",
				"tenhs": "Ngô Anh Kiên",
				"toan": "3.5",
				"vatly": "4.5",
				"hoahoc": "7.3",
				"sinhhoc": "5.5",
				"van": "5",
				"su": "3.5",
				"dialy": "6.6",
				"tienganh": "2",
				"gdcd": "5.3",
				"congnghe": "6",
				"theduc": "Đ",
				"GDQPAN": "7"
			},
			{
				"stt": "112",
				"lop": "10A4",
				"mahs": "THPTPL114",
				"tenhs": "Âu Thị Bích Loan",
				"toan": "7.8",
				"vatly": "4.5",
				"hoahoc": "5",
				"sinhhoc": "7.5",
				"van": "6.5",
				"su": "8.5",
				"dialy": "5.3",
				"tienganh": "6.8",
				"gdcd": "7.3",
				"congnghe": "8",
				"theduc": "Đ",
				"GDQPAN": "8"
			},
			{
				"stt": "113",
				"lop": "10A4",
				"mahs": "THPTPL115",
				"tenhs": "La Thị Liên",
				"toan": "5",
				"vatly": "4",
				"hoahoc": "6",
				"sinhhoc": "7",
				"van": "7",
				"su": "4.8",
				"dialy": "6.3",
				"tienganh": "5.5",
				"gdcd": "7.7",
				"congnghe": "7",
				"theduc": "Đ",
				"GDQPAN": "8"
			},
			{
				"stt": "114",
				"lop": "10A4",
				"mahs": "THPTPL116",
				"tenhs": "Nông Kim Liễu",
				"toan": "6.5",
				"vatly": "6.5",
				"hoahoc": "4.3",
				"sinhhoc": "6",
				"van": "7",
				"su": "3.5",
				"dialy": "5",
				"tienganh": "5.5",
				"gdcd": "6",
				"congnghe": "8",
				"theduc": "Đ",
				"GDQPAN": "8"
			},
			{
				"stt": "115",
				"lop": "10A4",
				"mahs": "THPTPL117",
				"tenhs": "Bàn Thị Linh",
				"toan": "5.3",
				"vatly": "4.5",
				"hoahoc": "5.5",
				"sinhhoc": "5",
				"van": "6",
				"su": "5.3",
				"dialy": "5",
				"tienganh": "7.3",
				"gdcd": "6.7",
				"congnghe": "7",
				"theduc": "Đ",
				"GDQPAN": "9"
			},
			{
				"stt": "116",
				"lop": "10A4",
				"mahs": "THPTPL118",
				"tenhs": "Trần Thị Luyến",
				"toan": "5",
				"vatly": "6",
				"hoahoc": "3.5",
				"sinhhoc": "7.5",
				"van": "5.5",
				"su": "2.5",
				"dialy": "5.6",
				"tienganh": "7.8",
				"gdcd": "5",
				"congnghe": "7",
				"theduc": "Đ",
				"GDQPAN": "8"
			},
			{
				"stt": "117",
				"lop": "10A4",
				"mahs": "THPTPL119",
				"tenhs": "Triệu Thị Nguyệt",
				"toan": "6.5",
				"vatly": "5",
				"hoahoc": "7",
				"sinhhoc": "6",
				"van": "7",
				"su": "6.8",
				"dialy": "5.6",
				"tienganh": "5.3",
				"gdcd": "6.3",
				"congnghe": "7",
				"theduc": "Đ",
				"GDQPAN": "9"
			},
			{
				"stt": "118",
				"lop": "10A4",
				"mahs": "THPTPL120",
				"tenhs": "Nguyễn Duy Phương",
				"toan": "4.3",
				"vatly": "5",
				"hoahoc": "3",
				"sinhhoc": "5",
				"van": "5",
				"su": "4.3",
				"dialy": "5",
				"tienganh": "2",
				"gdcd": "5.3",
				"congnghe": "7",
				"theduc": "Đ",
				"GDQPAN": "7"
			},
			{
				"stt": "119",
				"lop": "10A4",
				"mahs": "THPTPL121",
				"tenhs": "Đặng Văn Phương",
				"toan": "3",
				"vatly": "5",
				"hoahoc": "3",
				"sinhhoc": "6.5",
				"van": "5",
				"su": "3.5",
				"dialy": "6.3",
				"tienganh": "3",
				"gdcd": "7.3",
				"congnghe": "7",
				"theduc": "Đ",
				"GDQPAN": "6"
			},
			{
				"stt": "120",
				"lop": "10A4",
				"mahs": "THPTPL122",
				"tenhs": "Lý Trung Quốc",
				"toan": "5",
				"vatly": "6",
				"hoahoc": "4",
				"sinhhoc": "7",
				"van": "5",
				"su": "6.5",
				"dialy": "7",
				"tienganh": "2.3",
				"gdcd": "6",
				"congnghe": "6",
				"theduc": "Đ",
				"GDQPAN": "8"
			},
			{
				"stt": "121",
				"lop": "10A4",
				"mahs": "THPTPL123",
				"tenhs": "Vũ Thị Quyên",
				"toan": "6.3",
				"vatly": "5.5",
				"hoahoc": "5",
				"sinhhoc": "7.5",
				"van": "5.5",
				"su": "4.5",
				"dialy": "6.3",
				"tienganh": "5.5",
				"gdcd": "4.7",
				"congnghe": "7",
				"theduc": "Đ",
				"GDQPAN": "7"
			},
			{
				"stt": "122",
				"lop": "10A4",
				"mahs": "THPTPL124",
				"tenhs": "Nguyễn Mạnh Quỳnh",
				"toan": "5",
				"vatly": "6",
				"hoahoc": "3.3",
				"sinhhoc": "7.5",
				"van": "4.5",
				"su": "6.5",
				"dialy": "5.6",
				"tienganh": "2",
				"gdcd": "7",
				"congnghe": "7",
				"theduc": "Đ",
				"GDQPAN": "7"
			},
			{
				"stt": "123",
				"lop": "10A4",
				"mahs": "THPTPL125",
				"tenhs": "Lý Văn Tâm",
				"toan": "3.5",
				"vatly": "5.5",
				"hoahoc": "4",
				"sinhhoc": "8",
				"van": "5.5",
				"su": "3.8",
				"dialy": "6",
				"tienganh": "5",
				"gdcd": "6.3",
				"congnghe": "7",
				"theduc": "Đ",
				"GDQPAN": "6"
			},
			{
				"stt": "124",
				"lop": "10A4",
				"mahs": "THPTPL126",
				"tenhs": "Tướng Thị Tâm",
				"toan": "3.8",
				"vatly": "5",
				"hoahoc": "4.8",
				"sinhhoc": "7",
				"van": "6",
				"su": "2.8",
				"dialy": "6",
				"tienganh": "5",
				"gdcd": "7.7",
				"congnghe": "7",
				"theduc": "Đ",
				"GDQPAN": "7"
			},
			{
				"stt": "125",
				"lop": "10A4",
				"mahs": "THPTPL127",
				"tenhs": "Nông Thtienganh Tâm",
				"toan": "5.8",
				"vatly": "5.5",
				"hoahoc": "5.8",
				"sinhhoc": "7",
				"van": "6.5",
				"su": "4.8",
				"dialy": "5.3",
				"tienganh": "3.8",
				"gdcd": "7.7",
				"congnghe": "7",
				"theduc": "Đ",
				"GDQPAN": "9"
			},
			{
				"stt": "126",
				"lop": "10A4",
				"mahs": "THPTPL128",
				"tenhs": "Triệu Thị Tâm",
				"toan": "3",
				"vatly": "5",
				"hoahoc": "6.8",
				"sinhhoc": "6.5",
				"van": "6.5",
				"su": "4",
				"dialy": "6",
				"tienganh": "5.5",
				"gdcd": "6.3",
				"congnghe": "8",
				"theduc": "Đ",
				"GDQPAN": "7"
			},
			{
				"stt": "127",
				"lop": "10A4",
				"mahs": "THPTPL129",
				"tenhs": "Lý Văn Tân",
				"toan": "3.8",
				"vatly": "5.5",
				"hoahoc": "6",
				"sinhhoc": "6",
				"van": "6",
				"su": "3.3",
				"dialy": "5.6",
				"tienganh": "4",
				"gdcd": "7.7",
				"congnghe": "8",
				"theduc": "Đ",
				"GDQPAN": "7"
			},
			{
				"stt": "128",
				"lop": "10A4",
				"mahs": "THPTPL130",
				"tenhs": "Phạm Đình Tài"
			},
			{
				"stt": "129",
				"lop": "10A4",
				"mahs": "THPTPL131",
				"tenhs": "Phạm Lễ Thắng",
				"toan": "7",
				"vatly": "6.5",
				"hoahoc": "8",
				"sinhhoc": "8",
				"van": "5",
				"su": "6",
				"dialy": "6.3",
				"tienganh": "2",
				"gdcd": "7.7",
				"congnghe": "7",
				"theduc": "Đ",
				"GDQPAN": "8"
			},
			{
				"stt": "130",
				"lop": "10A4",
				"mahs": "THPTPL132",
				"tenhs": "Triệu Thị Thu",
				"toan": "3.8",
				"vatly": "4",
				"hoahoc": "4",
				"sinhhoc": "5",
				"van": "6",
				"su": "4.5",
				"dialy": "5",
				"tienganh": "5.5",
				"gdcd": "6",
				"congnghe": "8",
				"theduc": "Đ",
				"GDQPAN": "9"
			},
			{
				"stt": "131",
				"lop": "10A4",
				"mahs": "THPTPL133",
				"tenhs": "Liệu Đức Toàn",
				"toan": "2.5",
				"vatly": "2.5",
				"hoahoc": "4.8",
				"sinhhoc": "5",
				"van": "5.5",
				"su": "7.8",
				"dialy": "5",
				"tienganh": "5",
				"gdcd": "4.3",
				"congnghe": "7",
				"theduc": "Đ",
				"GDQPAN": "7"
			},
			{
				"stt": "132",
				"lop": "10A4",
				"mahs": "THPTPL134",
				"tenhs": "Đàm Quốc Tuấn",
				"toan": "4",
				"vatly": "5",
				"hoahoc": "6.3",
				"sinhhoc": "7",
				"van": "6.5",
				"su": "6.8",
				"dialy": "6.6",
				"tienganh": "5",
				"gdcd": "8.3",
				"congnghe": "6",
				"theduc": "Đ",
				"GDQPAN": "7"
			},
			{
				"stt": "133",
				"lop": "10A4",
				"mahs": "THPTPL135",
				"tenhs": "Ninh Ánh Tuyết",
				"toan": "5",
				"vatly": "3.5",
				"hoahoc": "4.8",
				"sinhhoc": "6",
				"van": "5.5",
				"su": "7.3",
				"dialy": "5.6",
				"tienganh": "5.3",
				"gdcd": "8",
				"congnghe": "7",
				"theduc": "Đ",
				"GDQPAN": "9"
			},
			{
				"stt": "134",
				"lop": "10A4",
				"mahs": "THPTPL136",
				"tenhs": "Ma Thùy Trang",
				"toan": "7.3",
				"vatly": "5.5",
				"hoahoc": "4.8",
				"sinhhoc": "6.5",
				"van": "6",
				"su": "8.3",
				"dialy": "5",
				"tienganh": "6",
				"gdcd": "6.7",
				"congnghe": "8",
				"theduc": "Đ",
				"GDQPAN": "8"
			},
			{
				"stt": "135",
				"lop": "10A4",
				"mahs": "THPTPL137",
				"tenhs": "Hà Sáng Vang",
				"toan": "6.8",
				"vatly": "4",
				"hoahoc": "5",
				"sinhhoc": "7.5",
				"van": "7",
				"su": "6.5",
				"dialy": "6.3",
				"tienganh": "5",
				"gdcd": "7.3",
				"congnghe": "7",
				"theduc": "Đ",
				"GDQPAN": "6"
			},
			{
				"stt": "136",
				"lop": "10A4",
				"mahs": "THPTPL138",
				"tenhs": "Nông Thị Hồng Vân",
				"toan": "5.8",
				"vatly": "5",
				"hoahoc": "5.3",
				"sinhhoc": "6",
				"van": "5.5",
				"su": "5.5",
				"dialy": "5",
				"tienganh": "5.3",
				"gdcd": "7.7",
				"congnghe": "8",
				"theduc": "Đ",
				"GDQPAN": "6"
			},
			{
				"stt": "137",
				"lop": "10A4",
				"mahs": "THPTPL139",
				"tenhs": "Ma Quốc Việt",
				"toan": "5.5",
				"vatly": "3.5",
				"hoahoc": "6.5",
				"sinhhoc": "7",
				"van": "5",
				"su": "6.8",
				"dialy": "5.3",
				"tienganh": "5.3",
				"gdcd": "6.3",
				"congnghe": "7",
				"theduc": "Đ",
				"GDQPAN": "7"
			},
			{
				"stt": "138",
				"lop": "10A4",
				"mahs": "THPTPL140",
				"tenhs": "La Thị Yên",
				"toan": "6",
				"vatly": "5",
				"hoahoc": "5.5",
				"sinhhoc": "7",
				"van": "6",
				"su": "3.8",
				"dialy": "7",
				"tienganh": "5.5",
				"gdcd": "8.7",
				"congnghe": "8",
				"theduc": "Đ",
				"GDQPAN": "8"
			},
			{
				"stt": "139",
				"lop": "10A5",
				"mahs": "THPTPL141",
				"tenhs": "Hà Thị Ánh",
				"toan": "7.5",
				"vatly": "5",
				"hoahoc": "3.5",
				"sinhhoc": "8.5",
				"tinhoc": "9.3",
				"van": "7",
				"su": "5.5",
				"dialy": "6.6",
				"tienganh": "5.5",
				"gdcd": "9",
				"congnghe": "6.8",
				"theduc": "Đ",
				"GDQPAN": "6"
			},
			{
				"stt": "140",
				"lop": "10A5",
				"mahs": "THPTPL143",
				"tenhs": "Trần Công Binh",
				"toan": "4",
				"vatly": "5",
				"hoahoc": "3.3",
				"sinhhoc": "6.5",
				"tinhoc": "5.3",
				"van": "2.5",
				"su": "3.5",
				"dialy": "5",
				"tienganh": "1.8",
				"gdcd": "6.7",
				"congnghe": "5.5",
				"theduc": "Đ",
				"GDQPAN": "1"
			},
			{
				"stt": "141",
				"lop": "10A5",
				"mahs": "THPTPL144",
				"tenhs": "Hoàng Văn Duy",
				"toan": "5",
				"vatly": "5",
				"hoahoc": "4",
				"sinhhoc": "7",
				"tinhoc": "5.5",
				"van": "5",
				"su": "2.5",
				"dialy": "4.5",
				"tienganh": "2",
				"gdcd": "3.3",
				"congnghe": "5.5",
				"theduc": "Đ",
				"GDQPAN": "6"
			},
			{
				"stt": "142",
				"lop": "10A5",
				"mahs": "THPTPL145",
				"tenhs": "Trần Thị Duyên",
				"toan": "4.8",
				"vatly": "7",
				"hoahoc": "4.5",
				"sinhhoc": "7",
				"tinhoc": "5.5",
				"van": "6",
				"su": "5",
				"dialy": "5",
				"tienganh": "4.3",
				"gdcd": "5.3",
				"congnghe": "5",
				"GDQPAN": "6"
			},
			{
				"stt": "143",
				"lop": "10A5",
				"mahs": "THPTPL146",
				"tenhs": "Lâm Thị Duyên",
				"toan": "6",
				"vatly": "6",
				"hoahoc": "5.8",
				"sinhhoc": "6",
				"tinhoc": "7",
				"van": "5.5",
				"su": "6",
				"dialy": "5",
				"tienganh": "4.3",
				"gdcd": "6.7",
				"congnghe": "6.8",
				"theduc": "Đ",
				"GDQPAN": "6"
			},
			{
				"stt": "144",
				"lop": "10A5",
				"mahs": "THPTPL147",
				"tenhs": "Ninh Ngọc Đức",
				"toan": "5",
				"vatly": "6",
				"hoahoc": "5.8",
				"sinhhoc": "5",
				"tinhoc": "5.5",
				"van": "2.5",
				"su": "5.5",
				"dialy": "7.2",
				"tienganh": "5.8",
				"gdcd": "5",
				"congnghe": "5",
				"theduc": "Đ",
				"GDQPAN": "5"
			},
			{
				"stt": "145",
				"lop": "10A5",
				"mahs": "THPTPL149",
				"tenhs": "Hoàng Văn Hòa",
				"toan": "4",
				"vatly": "5.5",
				"hoahoc": "3.3",
				"sinhhoc": "6",
				"tinhoc": "5.8",
				"van": "3.5",
				"su": "4.5",
				"dialy": "7",
				"tienganh": "5",
				"gdcd": "6",
				"congnghe": "5.5",
				"theduc": "Đ",
				"GDQPAN": "1"
			},
			{
				"stt": "146",
				"lop": "10A5",
				"mahs": "THPTPL150",
				"tenhs": "Đặng Văn Khánh",
				"toan": "3.5",
				"vatly": "5.5",
				"hoahoc": "4.3",
				"sinhhoc": "6",
				"tinhoc": "5.5",
				"van": "3",
				"su": "0",
				"dialy": "5",
				"tienganh": "2.8",
				"gdcd": "6",
				"congnghe": "6",
				"theduc": "Đ",
				"GDQPAN": "1"
			},
			{
				"stt": "147",
				"lop": "10A5",
				"mahs": "THPTPL151",
				"tenhs": "Nguyễn Ngọc Kỳ",
				"toan": "7.3",
				"vatly": "5",
				"hoahoc": "7.3",
				"sinhhoc": "9",
				"tinhoc": "8",
				"van": "7",
				"su": "7.5",
				"dialy": "5.5",
				"tienganh": "3.3",
				"gdcd": "7",
				"congnghe": "6.8",
				"theduc": "Đ",
				"GDQPAN": "8"
			},
			{
				"stt": "148",
				"lop": "10A5",
				"mahs": "THPTPL152",
				"tenhs": "Nguyễn Thị Lam",
				"toan": "4",
				"vatly": "6",
				"hoahoc": "7",
				"sinhhoc": "8",
				"tinhoc": "7",
				"van": "6",
				"su": "3.8",
				"dialy": "5.6",
				"tienganh": "3.5",
				"gdcd": "3",
				"congnghe": "6.5",
				"theduc": "Đ",
				"GDQPAN": "9"
			},
			{
				"stt": "149",
				"lop": "10A5",
				"mahs": "THPTPL153",
				"tenhs": "Bàn Văn Lâm",
				"toan": "4",
				"vatly": "4.5",
				"hoahoc": "4",
				"sinhhoc": "6.5",
				"tinhoc": "6.3",
				"van": "4.5",
				"su": "3.5",
				"dialy": "4.5",
				"tienganh": "5.5",
				"gdcd": "6.3",
				"congnghe": "6",
				"theduc": "Đ",
				"GDQPAN": "8"
			},
			{
				"stt": "150",
				"lop": "10A5",
				"mahs": "THPTPL154",
				"tenhs": "Bàn Văn Lập",
				"toan": "4",
				"vatly": "4.5",
				"hoahoc": "5",
				"sinhhoc": "6",
				"tinhoc": "5",
				"van": "4.5",
				"su": "3.3",
				"dialy": "4",
				"tienganh": "5",
				"gdcd": "6",
				"congnghe": "5.8",
				"theduc": "Đ",
				"GDQPAN": "8"
			},
			{
				"stt": "151",
				"lop": "10A5",
				"mahs": "THPTPL155",
				"tenhs": "Lý Văn Long",
				"toan": "6.5",
				"vatly": "5",
				"hoahoc": "5.5",
				"sinhhoc": "9",
				"tinhoc": "5",
				"van": "5",
				"su": "5",
				"dialy": "5.6",
				"tienganh": "4",
				"gdcd": "7",
				"congnghe": "5.5",
				"theduc": "Đ",
				"GDQPAN": "8"
			},
			{
				"stt": "152",
				"lop": "10A5",
				"mahs": "THPTPL156",
				"tenhs": "Nguyễn Hoàng Long",
				"toan": "5.5",
				"vatly": "5.5",
				"hoahoc": "6",
				"sinhhoc": "6.5",
				"tinhoc": "4.5",
				"van": "7",
				"su": "5.3",
				"dialy": "7",
				"tienganh": "5.3",
				"gdcd": "5.3",
				"congnghe": "5.5",
				"theduc": "Đ",
				"GDQPAN": "7"
			},
			{
				"stt": "153",
				"lop": "10A5",
				"mahs": "THPTPL157",
				"tenhs": "Nông Thị Luyến",
				"toan": "4.5",
				"vatly": "4.5",
				"hoahoc": "6.5",
				"sinhhoc": "6",
				"tinhoc": "7",
				"van": "7",
				"su": "3",
				"dialy": "8.2",
				"tienganh": "5.5",
				"gdcd": "7.7",
				"congnghe": "6",
				"theduc": "Đ",
				"GDQPAN": "7"
			},
			{
				"stt": "154",
				"lop": "10A5",
				"mahs": "THPTPL158",
				"tenhs": "Lương Văn Lực",
				"toan": "5.8",
				"vatly": "5.5",
				"hoahoc": "6.5",
				"sinhhoc": "6",
				"tinhoc": "6.3",
				"van": "4",
				"su": "7.3",
				"dialy": "6.6",
				"tienganh": "5.8",
				"gdcd": "8",
				"congnghe": "5.8",
				"theduc": "Đ",
				"GDQPAN": "9"
			},
			{
				"stt": "155",
				"lop": "10A5",
				"mahs": "THPTPL159",
				"tenhs": "Dư Thị Thúy Ngân",
				"toan": "5.8",
				"vatly": "6",
				"hoahoc": "5.8",
				"sinhhoc": "8.5",
				"tinhoc": "5.8",
				"van": "4",
				"su": "4.3",
				"dialy": "5",
				"tienganh": "5.8",
				"gdcd": "6.3",
				"congnghe": "6.8",
				"theduc": "Đ",
				"GDQPAN": "9"
			},
			{
				"stt": "156",
				"lop": "10A5",
				"mahs": "THPTPL160",
				"tenhs": "Bế Thị Nghiệp",
				"toan": "9",
				"vatly": "6",
				"hoahoc": "6",
				"sinhhoc": "9",
				"tinhoc": "7",
				"van": "7",
				"su": "5.5",
				"dialy": "5.3",
				"tienganh": "8.8",
				"gdcd": "8",
				"congnghe": "6.8",
				"theduc": "Đ",
				"GDQPAN": "8"
			},
			{
				"stt": "157",
				"lop": "10A5",
				"mahs": "THPTPL161",
				"tenhs": "Hoàng Thị Hồng Nhung",
				"toan": "7.3",
				"vatly": "6",
				"hoahoc": "7.3",
				"sinhhoc": "8.5",
				"tinhoc": "8.3",
				"van": "7.5",
				"su": "5.5",
				"dialy": "6.6",
				"tienganh": "5.3",
				"gdcd": "9",
				"congnghe": "6.8",
				"theduc": "Đ",
				"GDQPAN": "8"
			},
			{
				"stt": "158",
				"lop": "10A5",
				"mahs": "THPTPL162",
				"tenhs": "Hoàng Thị Phượng",
				"toan": "6.5",
				"vatly": "5.5",
				"hoahoc": "3",
				"sinhhoc": "7",
				"tinhoc": "5",
				"van": "6.5",
				"su": "5.3",
				"dialy": "5",
				"tienganh": "5",
				"gdcd": "6",
				"congnghe": "6.5",
				"theduc": "Đ",
				"GDQPAN": "8"
			},
			{
				"stt": "159",
				"lop": "10A5",
				"mahs": "THPTPL163",
				"tenhs": "Hoàng Thị Sự",
				"toan": "4.8",
				"vatly": "5.5",
				"hoahoc": "2",
				"sinhhoc": "5",
				"tinhoc": "6",
				"van": "5",
				"su": "3.8",
				"dialy": "5",
				"tienganh": "3",
				"gdcd": "3.3",
				"congnghe": "6.5",
				"theduc": "Đ",
				"GDQPAN": "8"
			},
			{
				"stt": "160",
				"lop": "10A5",
				"mahs": "THPTPL164",
				"tenhs": "Phùng Văn Tạo",
				"toan": "2.8",
				"vatly": "5",
				"hoahoc": "3.5",
				"sinhhoc": "6.5",
				"tinhoc": "4.5",
				"van": "4.5",
				"su": "0",
				"dialy": "5",
				"tienganh": "3.5",
				"gdcd": "6.3",
				"congnghe": "6",
				"theduc": "Đ",
				"GDQPAN": "8"
			},
			{
				"stt": "161",
				"lop": "10A5",
				"mahs": "THPTPL165",
				"tenhs": "Nguyễn Thị Tâm",
				"toan": "4.5",
				"vatly": "4.5",
				"hoahoc": "4.3",
				"sinhhoc": "7",
				"tinhoc": "6.8",
				"van": "5.5",
				"su": "4.8",
				"dialy": "5",
				"tienganh": "5.3",
				"gdcd": "4.7",
				"congnghe": "6",
				"theduc": "Đ",
				"GDQPAN": "6"
			},
			{
				"stt": "162",
				"lop": "10A5",
				"mahs": "THPTPL166",
				"tenhs": "Lê Phương Thảo",
				"toan": "9.3",
				"vatly": "6",
				"hoahoc": "9",
				"sinhhoc": "8",
				"tinhoc": "8.3",
				"van": "7.5",
				"su": "7.8",
				"dialy": "6",
				"tienganh": "7.3",
				"gdcd": "9.3",
				"congnghe": "7",
				"theduc": "Đ",
				"GDQPAN": "8"
			},
			{
				"stt": "163",
				"lop": "10A5",
				"mahs": "THPTPL167",
				"tenhs": "Nông Hữu Thắng",
				"toan": "3.3",
				"vatly": "5.5",
				"hoahoc": "5.8",
				"sinhhoc": "7",
				"tinhoc": "7.3",
				"van": "5",
				"su": "3.3",
				"dialy": "5",
				"tienganh": "1.3",
				"gdcd": "2.3",
				"congnghe": "6",
				"theduc": "Đ",
				"GDQPAN": "8"
			},
			{
				"stt": "164",
				"lop": "10A5",
				"mahs": "THPTPL168",
				"tenhs": "Nông Văn Thân",
				"toan": "7",
				"vatly": "5",
				"hoahoc": "7.3",
				"sinhhoc": "9",
				"tinhoc": "6.5",
				"van": "7",
				"su": "5.3",
				"dialy": "7",
				"tienganh": "5.3",
				"gdcd": "6",
				"congnghe": "5.8",
				"theduc": "Đ",
				"GDQPAN": "8"
			},
			{
				"stt": "165",
				"lop": "10A5",
				"mahs": "THPTPL169",
				"tenhs": "Đặng Thị Thuy",
				"toan": "8.3",
				"vatly": "6.5",
				"hoahoc": "5.3",
				"sinhhoc": "8",
				"tinhoc": "8.3",
				"van": "7",
				"su": "6.5",
				"dialy": "6.6",
				"tienganh": "7.3",
				"gdcd": "8",
				"congnghe": "6.8",
				"theduc": "Đ",
				"GDQPAN": "8"
			},
			{
				"stt": "166",
				"lop": "10A5",
				"mahs": "THPTPL171",
				"tenhs": "Nông Văn Tình",
				"toan": "8.3",
				"vatly": "4.5",
				"hoahoc": "5.5",
				"sinhhoc": "8",
				"tinhoc": "8.3",
				"van": "4.5",
				"su": "4.5",
				"dialy": "7",
				"tienganh": "6",
				"gdcd": "8",
				"congnghe": "5.8",
				"theduc": "Đ",
				"GDQPAN": "8"
			},
			{
				"stt": "167",
				"lop": "10A5",
				"mahs": "THPTPL172",
				"tenhs": "Lý Thị Tính",
				"toan": "5",
				"vatly": "4.5",
				"hoahoc": "5.8",
				"sinhhoc": "7",
				"tinhoc": "6.3",
				"van": "6",
				"su": "3.5",
				"dialy": "5",
				"tienganh": "2.8",
				"gdcd": "5",
				"congnghe": "6",
				"theduc": "Đ",
				"GDQPAN": "8"
			},
			{
				"stt": "168",
				"lop": "10A5",
				"mahs": "THPTPL173",
				"tenhs": "Hứa Văn Toàn",
				"toan": "6",
				"vatly": "6",
				"hoahoc": "3.3",
				"sinhhoc": "7",
				"tinhoc": "5.8",
				"van": "4.5",
				"su": "4.5",
				"dialy": "6",
				"tienganh": "3.3",
				"gdcd": "8",
				"congnghe": "6.5",
				"theduc": "Đ",
				"GDQPAN": "8"
			},
			{
				"stt": "169",
				"lop": "10A5",
				"mahs": "THPTPL174",
				"tenhs": "Bàn Văn Trtienganh",
				"toan": "5.5",
				"vatly": "4.5",
				"hoahoc": "5.5",
				"sinhhoc": "7.5",
				"tinhoc": "5.5",
				"van": "5",
				"su": "3.8",
				"dialy": "5",
				"tienganh": "5.3",
				"gdcd": "3",
				"congnghe": "5.8",
				"theduc": "Đ",
				"GDQPAN": "1"
			},
			{
				"stt": "170",
				"lop": "10A5",
				"mahs": "THPTPL175",
				"tenhs": "Hoàng Đức Trình",
				"toan": "5.5",
				"vatly": "5",
				"hoahoc": "6.3",
				"sinhhoc": "9",
				"tinhoc": "5.5",
				"van": "5",
				"su": "5",
				"dialy": "5.6",
				"tienganh": "5",
				"gdcd": "6.3",
				"congnghe": "5.8",
				"theduc": "Đ",
				"GDQPAN": "1"
			},
			{
				"stt": "171",
				"lop": "10A5",
				"mahs": "THPTPL177",
				"tenhs": "Bế Hồng Vân",
				"toan": "9",
				"vatly": "6.5",
				"hoahoc": "7.5",
				"sinhhoc": "8",
				"tinhoc": "8.8",
				"van": "7.5",
				"su": "6.5",
				"dialy": "6.3",
				"tienganh": "7.3",
				"gdcd": "8",
				"congnghe": "6.8",
				"theduc": "Đ",
				"GDQPAN": "8"
			},
			{
				"stt": "172",
				"lop": "10A5",
				"mahs": "THPTPL178",
				"tenhs": "Đặng Văn Việt",
				"toan": "5.3",
				"hoahoc": "7.3",
				"sinhhoc": "7",
				"tinhoc": "6",
				"van": "5.5",
				"su": "5.8",
				"dialy": "7",
				"tienganh": "6",
				"gdcd": "6.7",
				"congnghe": "6",
				"GDQPAN": "8"
			},
			{
				"stt": "173",
				"lop": "10A5",
				"mahs": "THPTPL179",
				"tenhs": "Đặng Văn Việt",
				"toan": "4",
				"vatly": "4.5",
				"hoahoc": "5.5",
				"sinhhoc": "6",
				"tinhoc": "5.3",
				"van": "2.5",
				"su": "4.8",
				"dialy": "4",
				"tienganh": "5",
				"gdcd": "6.7",
				"congnghe": "6.5",
				"theduc": "Đ",
				"GDQPAN": "8"
			},
			{
				"stt": "174",
				"lop": "10A5",
				"mahs": "THPTPL180",
				"tenhs": "Đàm Tuấn Vỹ",
				"toan": "7.3",
				"vatly": "5",
				"hoahoc": "7",
				"sinhhoc": "6",
				"tinhoc": "6",
				"van": "2.5",
				"su": "6.3",
				"dialy": "4",
				"tienganh": "1.8",
				"gdcd": "5.7",
				"congnghe": "5.5",
				"theduc": "Đ",
				"GDQPAN": "6"
			},
			{
				"stt": "175",
				"lop": "10A5",
				"mahs": "THPTPL181",
				"tenhs": "Hoàng Thị Ngọc Xiêm",
				"toan": "6.3",
				"vatly": "4.5",
				"hoahoc": "6.5",
				"sinhhoc": "7",
				"tinhoc": "7.8",
				"van": "5",
				"su": "4.5",
				"dialy": "5",
				"tienganh": "5.5",
				"gdcd": "6.3",
				"congnghe": "6.8",
				"theduc": "Đ",
				"GDQPAN": "9"
			},
			{
				"stt": "176",
				"lop": "10A5",
				"mahs": "THPTPL182",
				"tenhs": "Trần Thị Xuân",
				"toan": "7.5",
				"vatly": "6.5",
				"hoahoc": "5.3",
				"sinhhoc": "8.5",
				"tinhoc": "7.5",
				"van": "7",
				"su": "5.5",
				"dialy": "6.3",
				"tienganh": "8.8",
				"gdcd": "7",
				"congnghe": "6.8",
				"theduc": "Đ",
				"GDQPAN": "7"
			},
			{
				"stt": "177",
				"lop": "10A5",
				"mahs": "THPTPL183",
				"tenhs": "Hà Thị Duyệt",
				"toan": "7.8",
				"vatly": "5.5",
				"hoahoc": "6",
				"sinhhoc": "9.5",
				"tinhoc": "8",
				"van": "7.5",
				"su": "5.5",
				"dialy": "6",
				"tienganh": "8.8",
				"gdcd": "8",
				"congnghe": "6.8",
				"theduc": "Đ",
				"GDQPAN": "8"
			},
			{
				"stt": "178",
				"lop": "10A6",
				"mahs": "THPTPL184",
				"tenhs": "Ma Thị An",
				"toan": "4.5",
				"vatly": "7.5",
				"hoahoc": "5",
				"sinhhoc": "8",
				"tinhoc": "6",
				"van": "7",
				"su": "4",
				"dialy": "6",
				"tienganh": "7.8",
				"gdcd": "7",
				"congnghe": "7",
				"theduc": "Đ",
				"GDQPAN": "8"
			},
			{
				"stt": "179",
				"lop": "10A6",
				"mahs": "THPTPL185",
				"tenhs": "Trần Văn An",
				"toan": "6.5",
				"vatly": "6",
				"hoahoc": "5",
				"sinhhoc": "7",
				"tinhoc": "7",
				"van": "5.5",
				"su": "6.5",
				"dialy": "4.1",
				"tienganh": "4",
				"gdcd": "7",
				"congnghe": "8",
				"theduc": "Đ",
				"GDQPAN": "7"
			},
			{
				"stt": "180",
				"lop": "10A6",
				"mahs": "THPTPL186",
				"tenhs": "Phạm Thị Kiều Anh",
				"toan": "6.5",
				"vatly": "5",
				"hoahoc": "6.5",
				"sinhhoc": "9",
				"tinhoc": "9.5",
				"van": "5.5",
				"su": "7",
				"dialy": "6.6",
				"tienganh": "7",
				"gdcd": "7.7",
				"congnghe": "8",
				"theduc": "Đ",
				"GDQPAN": "7"
			},
			{
				"stt": "181",
				"lop": "10A6",
				"mahs": "THPTPL187",
				"tenhs": "Vũ Quang Bình",
				"toan": "7.3",
				"vatly": "7.5",
				"hoahoc": "7.5",
				"sinhhoc": "7",
				"tinhoc": "8.5",
				"van": "5.5",
				"su": "4",
				"dialy": "6.3",
				"tienganh": "2.5",
				"gdcd": "7.3",
				"congnghe": "8",
				"theduc": "Đ",
				"GDQPAN": "7"
			},
			{
				"stt": "182",
				"lop": "10A6",
				"mahs": "THPTPL188",
				"tenhs": "Bàn Quốc Công",
				"toan": "4.3",
				"vatly": "6",
				"hoahoc": "5.5",
				"sinhhoc": "7.5",
				"tinhoc": "5",
				"van": "2.5",
				"su": "3",
				"dialy": "4.1",
				"tienganh": "4",
				"gdcd": "6.7",
				"congnghe": "8",
				"theduc": "Đ",
				"GDQPAN": "6"
			},
			{
				"stt": "183",
				"lop": "10A6",
				"mahs": "THPTPL189",
				"tenhs": "Hoàng Vĩ Đại",
				"toan": "6.5",
				"vatly": "6",
				"hoahoc": "7",
				"sinhhoc": "7.5",
				"tinhoc": "6",
				"van": "7.5",
				"su": "6",
				"dialy": "5.6",
				"tienganh": "6.8",
				"gdcd": "8.3",
				"congnghe": "7",
				"theduc": "Đ",
				"GDQPAN": "6"
			},
			{
				"stt": "184",
				"lop": "10A6",
				"mahs": "THPTPL190",
				"tenhs": "Phạm Thị Hằng",
				"toan": "7",
				"vatly": "7.5",
				"hoahoc": "7",
				"sinhhoc": "8",
				"tinhoc": "7",
				"van": "6.5",
				"su": "7.8",
				"dialy": "5",
				"tienganh": "4.5",
				"gdcd": "8.7",
				"congnghe": "8",
				"theduc": "Đ",
				"GDQPAN": "7"
			},
			{
				"stt": "185",
				"lop": "10A6",
				"mahs": "THPTPL191",
				"tenhs": "Ngọc Thị Hằng",
				"toan": "6.8",
				"vatly": "6",
				"hoahoc": "7.5",
				"sinhhoc": "8",
				"tinhoc": "5.5",
				"van": "5.5",
				"su": "5.5",
				"dialy": "5.6",
				"tienganh": "5",
				"gdcd": "9",
				"congnghe": "8",
				"theduc": "Đ",
				"GDQPAN": "6"
			},
			{
				"stt": "186",
				"lop": "10A6",
				"mahs": "THPTPL192",
				"tenhs": "Hà Diệu Hằng",
				"toan": "4.5",
				"vatly": "7.5",
				"hoahoc": "6.5",
				"sinhhoc": "8.5",
				"tinhoc": "8.3",
				"van": "7",
				"su": "4.5",
				"dialy": "5.3",
				"tienganh": "7",
				"gdcd": "7.3",
				"congnghe": "8",
				"theduc": "Đ",
				"GDQPAN": "7"
			},
			{
				"stt": "187",
				"lop": "10A6",
				"mahs": "THPTPL193",
				"tenhs": "Lã Thị Hằng",
				"toan": "6",
				"vatly": "5",
				"hoahoc": "4.5",
				"sinhhoc": "7.5",
				"tinhoc": "3.8",
				"van": "3",
				"su": "6.5",
				"dialy": "5",
				"tienganh": "3.5",
				"gdcd": "7.8",
				"congnghe": "8",
				"theduc": "Đ",
				"GDQPAN": "7"
			},
			{
				"stt": "188",
				"lop": "10A6",
				"mahs": "THPTPL194",
				"tenhs": "Chu Thị Hiền",
				"toan": "9",
				"vatly": "8",
				"hoahoc": "8.5",
				"sinhhoc": "9",
				"tinhoc": "9",
				"van": "6.5",
				"su": "8",
				"dialy": "6.6",
				"tienganh": "7.8",
				"gdcd": "6",
				"congnghe": "8",
				"theduc": "Đ",
				"GDQPAN": "8"
			},
			{
				"stt": "189",
				"lop": "10A6",
				"mahs": "THPTPL195",
				"tenhs": "Triệu Thị Hiền",
				"toan": "8.3",
				"vatly": "6.5",
				"hoahoc": "5.5",
				"sinhhoc": "8",
				"tinhoc": "9",
				"van": "6",
				"su": "5.8",
				"dialy": "6.6",
				"tienganh": "5.8",
				"gdcd": "8.3",
				"congnghe": "8",
				"theduc": "Đ",
				"GDQPAN": "8"
			},
			{
				"stt": "190",
				"lop": "10A6",
				"mahs": "THPTPL196",
				"tenhs": "Hoàng Thị Hoa",
				"toan": "8.8",
				"vatly": "6.5",
				"hoahoc": "9.5",
				"sinhhoc": "8.8",
				"tinhoc": "9.3",
				"van": "7",
				"su": "7.5",
				"dialy": "7.2",
				"tienganh": "7.5",
				"gdcd": "9",
				"congnghe": "8",
				"theduc": "Đ",
				"GDQPAN": "8"
			},
			{
				"stt": "191",
				"lop": "10A6",
				"mahs": "THPTPL197",
				"tenhs": "Hoàng Thị Hồng",
				"toan": "7",
				"vatly": "8",
				"hoahoc": "5",
				"sinhhoc": "8.3",
				"tinhoc": "9",
				"van": "7",
				"su": "5.5",
				"dialy": "5.5",
				"tienganh": "7.5",
				"gdcd": "8.7",
				"congnghe": "8",
				"theduc": "Đ",
				"GDQPAN": "7"
			},
			{
				"stt": "192",
				"lop": "10A6",
				"mahs": "THPTPL198",
				"tenhs": "Nông Thị Huyền",
				"toan": "5.8",
				"vatly": "8",
				"hoahoc": "5.5",
				"sinhhoc": "8.8",
				"tinhoc": "6.3",
				"van": "6.5",
				"su": "6.8",
				"dialy": "6",
				"tienganh": "7.3",
				"gdcd": "8.3",
				"congnghe": "8",
				"theduc": "Đ",
				"GDQPAN": "9"
			},
			{
				"stt": "193",
				"lop": "10A6",
				"mahs": "THPTPL199",
				"tenhs": "Đặng Thị Hương",
				"toan": "8.3",
				"vatly": "7.5",
				"hoahoc": "6.5",
				"sinhhoc": "8",
				"tinhoc": "9.3",
				"van": "6.5",
				"su": "5.8",
				"dialy": "6",
				"tienganh": "6.3",
				"gdcd": "7.7",
				"congnghe": "8",
				"theduc": "Đ",
				"GDQPAN": "7"
			},
			{
				"stt": "194",
				"lop": "10A6",
				"mahs": "THPTPL200",
				"tenhs": "Trần Duy Khánh",
				"toan": "8.8",
				"vatly": "5",
				"hoahoc": "8",
				"sinhhoc": "8",
				"tinhoc": "5.3",
				"van": "5",
				"su": "7.8",
				"dialy": "6",
				"tienganh": "6.3",
				"gdcd": "8",
				"congnghe": "7",
				"theduc": "Đ",
				"GDQPAN": "8"
			},
			{
				"stt": "195",
				"lop": "10A6",
				"mahs": "THPTPL201",
				"tenhs": "Nguyễn Bỉnh Khiêm",
				"toan": "8",
				"vatly": "5.5",
				"hoahoc": "7.5",
				"sinhhoc": "8",
				"tinhoc": "6.3",
				"van": "7",
				"su": "8",
				"dialy": "7.2",
				"tienganh": "6.8",
				"gdcd": "7.7",
				"congnghe": "7",
				"theduc": "Đ",
				"GDQPAN": "8"
			},
			{
				"stt": "196",
				"lop": "10A6",
				"mahs": "THPTPL202",
				"tenhs": "Vũ Nhật Linh",
				"toan": "9.3",
				"vatly": "6.5",
				"hoahoc": "6.5",
				"sinhhoc": "8.5",
				"tinhoc": "9.5",
				"van": "7.5",
				"su": "7.3",
				"dialy": "6",
				"tienganh": "8.3",
				"gdcd": "8.3",
				"congnghe": "7",
				"theduc": "Đ",
				"GDQPAN": "8"
			},
			{
				"stt": "197",
				"lop": "10A6",
				"mahs": "THPTPL203",
				"tenhs": "Ma Thị Minh",
				"toan": "8.5",
				"vatly": "7",
				"hoahoc": "8",
				"sinhhoc": "8",
				"tinhoc": "10",
				"van": "5.5",
				"su": "7.8",
				"dialy": "5.3",
				"tienganh": "6",
				"gdcd": "7.7",
				"congnghe": "7",
				"theduc": "Đ",
				"GDQPAN": "8"
			},
			{
				"stt": "198",
				"lop": "10A6",
				"mahs": "THPTPL204",
				"tenhs": "Hoàng Đức Minh",
				"toan": "3.5",
				"vatly": "6.5",
				"hoahoc": "7.5",
				"sinhhoc": "7.5",
				"tinhoc": "7.3",
				"van": "3",
				"su": "5",
				"dialy": "5",
				"tienganh": "6.8",
				"gdcd": "7.3",
				"congnghe": "7",
				"theduc": "Đ",
				"GDQPAN": "7"
			},
			{
				"stt": "199",
				"lop": "10A6",
				"mahs": "THPTPL205",
				"tenhs": "Bàn Thị Ngọc",
				"toan": "5.8",
				"vatly": "6.5",
				"hoahoc": "7.5",
				"sinhhoc": "8",
				"tinhoc": "6",
				"van": "6.5",
				"su": "5",
				"dialy": "6.6",
				"tienganh": "3.5",
				"gdcd": "7.7",
				"congnghe": "8",
				"theduc": "Đ",
				"GDQPAN": "8"
			},
			{
				"stt": "200",
				"lop": "10A6",
				"mahs": "THPTPL206",
				"tenhs": "Hoàng Văn Nguyện",
				"toan": "7.5",
				"vatly": "6",
				"hoahoc": "8.5",
				"sinhhoc": "7.5",
				"tinhoc": "7.3",
				"van": "5.5",
				"su": "7",
				"dialy": "6",
				"tienganh": "6",
				"gdcd": "8.3",
				"congnghe": "7",
				"theduc": "Đ",
				"GDQPAN": "6"
			},
			{
				"stt": "201",
				"lop": "10A6",
				"mahs": "THPTPL207",
				"tenhs": "Hà Minh Quang",
				"toan": "4",
				"vatly": "6",
				"hoahoc": "6",
				"sinhhoc": "5",
				"tinhoc": "5",
				"van": "4",
				"su": "5.8",
				"dialy": "5",
				"tienganh": "5.5",
				"gdcd": "7",
				"congnghe": "7",
				"theduc": "Đ",
				"GDQPAN": "0"
			},
			{
				"stt": "202",
				"lop": "10A6",
				"mahs": "THPTPL208",
				"tenhs": "Bàn Văn Sơn",
				"toan": "4.5",
				"vatly": "7",
				"hoahoc": "7.5",
				"sinhhoc": "7.5",
				"tinhoc": "8.8",
				"van": "6",
				"su": "6.3",
				"dialy": "5.6",
				"tienganh": "5.3",
				"gdcd": "8",
				"congnghe": "7.7",
				"theduc": "Đ",
				"GDQPAN": "8"
			},
			{
				"stt": "203",
				"lop": "10A6",
				"mahs": "THPTPL209",
				"tenhs": "Nông Văn Sơn",
				"toan": "6.8",
				"vatly": "6.5",
				"hoahoc": "8",
				"sinhhoc": "6",
				"tinhoc": "6",
				"van": "5",
				"su": "5.8",
				"dialy": "5.6",
				"tienganh": "4",
				"gdcd": "8.7",
				"congnghe": "7",
				"theduc": "Đ",
				"GDQPAN": "6"
			},
			{
				"stt": "204",
				"lop": "10A6",
				"mahs": "THPTPL210",
				"tenhs": "Hoàng Minh Tân",
				"toan": "7.5",
				"vatly": "6.5",
				"hoahoc": "6.5",
				"sinhhoc": "7.5",
				"tinhoc": "6.8",
				"van": "6",
				"su": "4",
				"dialy": "5.3",
				"tienganh": "7.3",
				"gdcd": "7.3",
				"congnghe": "7",
				"theduc": "Đ",
				"GDQPAN": "7"
			},
			{
				"stt": "205",
				"lop": "10A6",
				"mahs": "THPTPL211",
				"tenhs": "Lý Công Tân",
				"toan": "5.8",
				"vatly": "6",
				"hoahoc": "6.5",
				"sinhhoc": "5",
				"tinhoc": "3.8",
				"van": "4.5",
				"su": "3.8",
				"dialy": "5.6",
				"tienganh": "5",
				"gdcd": "7.3",
				"congnghe": "7",
				"theduc": "Đ",
				"GDQPAN": "7"
			},
			{
				"stt": "206",
				"lop": "10A6",
				"mahs": "THPTPL212",
				"tenhs": "Bàn Thị Thảo",
				"toan": "7",
				"vatly": "7",
				"hoahoc": "8",
				"sinhhoc": "7.5",
				"tinhoc": "8.5",
				"van": "6",
				"su": "0",
				"dialy": "5",
				"tienganh": "5.3",
				"gdcd": "8.7",
				"congnghe": "7",
				"theduc": "Đ",
				"GDQPAN": "7"
			},
			{
				"stt": "207",
				"lop": "10A6",
				"mahs": "THPTPL213",
				"tenhs": "Mạc Đức Thơm",
				"toan": "5.5",
				"vatly": "5.5",
				"hoahoc": "6",
				"sinhhoc": "7",
				"tinhoc": "7.5",
				"van": "5",
				"su": "5.5",
				"dialy": "5.3",
				"tienganh": "2.5",
				"gdcd": "8.3",
				"congnghe": "7",
				"theduc": "Đ",
				"GDQPAN": "7"
			},
			{
				"stt": "208",
				"lop": "10A6",
				"mahs": "THPTPL214",
				"tenhs": "Hoàng Văn Thụy",
				"toan": "6.3",
				"vatly": "7",
				"hoahoc": "4.5",
				"sinhhoc": "7.5",
				"tinhoc": "7.5",
				"van": "5",
				"su": "2",
				"dialy": "6.3",
				"tienganh": "5",
				"gdcd": "8",
				"congnghe": "7",
				"theduc": "Đ",
				"GDQPAN": "0"
			},
			{
				"stt": "209",
				"lop": "10A6",
				"mahs": "THPTPL215",
				"tenhs": "Quan Thị Thư",
				"toan": "3",
				"vatly": "7",
				"hoahoc": "5",
				"sinhhoc": "7.5",
				"tinhoc": "2.8",
				"van": "3.5",
				"su": "2.8",
				"dialy": "6",
				"tienganh": "3.8",
				"gdcd": "6.3",
				"congnghe": "8",
				"theduc": "Đ",
				"GDQPAN": "7"
			},
			{
				"stt": "210",
				"lop": "10A6",
				"mahs": "THPTPL216",
				"tenhs": "Lý Thị Tính",
				"toan": "5.8",
				"vatly": "8",
				"hoahoc": "6",
				"sinhhoc": "8",
				"tinhoc": "7.8",
				"van": "7",
				"su": "8",
				"dialy": "5.6",
				"tienganh": "5",
				"gdcd": "8.3",
				"congnghe": "8",
				"theduc": "Đ",
				"GDQPAN": "7"
			},
			{
				"stt": "211",
				"lop": "10A6",
				"mahs": "THPTPL217",
				"tenhs": "Đặng Thị Trang",
				"toan": "6.8",
				"vatly": "8",
				"hoahoc": "6",
				"sinhhoc": "8",
				"tinhoc": "10",
				"van": "6.5",
				"su": "7",
				"dialy": "5.3",
				"tienganh": "5.8",
				"gdcd": "7.7",
				"congnghe": "8",
				"theduc": "Đ",
				"GDQPAN": "8"
			},
			{
				"stt": "212",
				"lop": "10A6",
				"mahs": "THPTPL218",
				"tenhs": "Đặng Anh Tú",
				"toan": "7.3",
				"vatly": "6",
				"hoahoc": "6.5",
				"sinhhoc": "8",
				"tinhoc": "8.8",
				"van": "5",
				"su": "6",
				"dialy": "5.6",
				"tienganh": "5.5",
				"gdcd": "7.7",
				"congnghe": "8",
				"theduc": "Đ",
				"GDQPAN": "7"
			},
			{
				"stt": "213",
				"lop": "10A6",
				"mahs": "THPTPL219",
				"tenhs": "Nông Ngọc Tú",
				"toan": "5.5",
				"vatly": "6",
				"hoahoc": "7",
				"sinhhoc": "7",
				"tinhoc": "3.8",
				"van": "5",
				"su": "5.8",
				"dialy": "5",
				"tienganh": "5.3",
				"gdcd": "7",
				"congnghe": "7",
				"theduc": "Đ",
				"GDQPAN": "7"
			},
			{
				"stt": "214",
				"lop": "10A6",
				"mahs": "THPTPL220",
				"tenhs": "Ma Anh Tuấn",
				"toan": "6.8",
				"vatly": "6.5",
				"hoahoc": "4.5",
				"sinhhoc": "7.5",
				"tinhoc": "8",
				"van": "5",
				"su": "6.3",
				"dialy": "4",
				"tienganh": "5",
				"gdcd": "7.3",
				"congnghe": "7",
				"theduc": "Đ",
				"GDQPAN": "7"
			},
			{
				"stt": "215",
				"lop": "10A6",
				"mahs": "THPTPL221",
				"tenhs": "Vi Văn Tuấn",
				"toan": "6.3",
				"vatly": "6.5",
				"hoahoc": "7.5",
				"sinhhoc": "7.5",
				"tinhoc": "8.8",
				"van": "5",
				"su": "6.8",
				"dialy": "5.6",
				"tienganh": "4",
				"gdcd": "8.3",
				"congnghe": "7",
				"theduc": "Đ",
				"GDQPAN": "7"
			},
			{
				"stt": "216",
				"lop": "10A6",
				"mahs": "THPTPL222",
				"tenhs": "Lý Văn Tuấn",
				"toan": "9",
				"vatly": "7.5",
				"hoahoc": "6",
				"sinhhoc": "7.8",
				"tinhoc": "9.5",
				"van": "3.5",
				"su": "5.8",
				"dialy": "6.6",
				"tienganh": "2.5",
				"gdcd": "8",
				"congnghe": "8",
				"theduc": "Đ",
				"GDQPAN": "7"
			},
			{
				"stt": "217",
				"lop": "10A6",
				"mahs": "THPTPL223",
				"tenhs": "Nông Thị Tươi",
				"toan": "7.3",
				"vatly": "6",
				"hoahoc": "7",
				"sinhhoc": "8",
				"tinhoc": "4.8",
				"van": "6.5",
				"su": "7.3",
				"dialy": "5",
				"tienganh": "6",
				"gdcd": "8.7",
				"congnghe": "8",
				"theduc": "Đ",
				"GDQPAN": "8"
			},
			{
				"stt": "218",
				"lop": "10A6",
				"mahs": "THPTPL224",
				"tenhs": "Ma Công Vệ",
				"toan": "6.5",
				"vatly": "7",
				"hoahoc": "7",
				"sinhhoc": "7.5",
				"tinhoc": "8.5",
				"van": "3.5",
				"su": "4.8",
				"dialy": "6.9",
				"tienganh": "4",
				"gdcd": "7.7",
				"congnghe": "7",
				"theduc": "Đ",
				"GDQPAN": "7"
			},
			{
				"stt": "219",
				"lop": "10A6",
				"mahs": "THPTPL225",
				"tenhs": "Ma Quang Vinh",
				"toan": "9.5",
				"vatly": "7.5",
				"hoahoc": "8",
				"sinhhoc": "8",
				"tinhoc": "10",
				"van": "5.5",
				"su": "5",
				"dialy": "6.9",
				"tienganh": "5.3",
				"gdcd": "7.7",
				"congnghe": "7",
				"theduc": "Đ",
				"GDQPAN": "0"
			},
			{
				"stt": "220",
				"lop": "10A6",
				"mahs": "THPTPL226",
				"tenhs": "Phạm Đức Toàn",
				"toan": "4.5",
				"vatly": "6.5",
				"hoahoc": "6.5",
				"sinhhoc": "7.5",
				"tinhoc": "8",
				"van": "6.5",
				"su": "6.5",
				"dialy": "6.6",
				"tienganh": "5",
				"gdcd": "8",
				"congnghe": "8",
				"theduc": "Đ",
				"GDQPAN": "7"
			}
		]
}