{
    "xeploai": [
        {
            "stt": "1",
            "lop": "10A1",
            "trangthai": "Chưa tổng kết",
            "thoigian": " 01/06/2018 11:12:45",
            "sohs": "28/28"
        },
        {
            "stt": "2",
            "lop": "10A2",
            "trangthai": "Đã tổng kết",
            "thoigian": " 01/06/2018 11:12:45",
            "sohs": "28/28"
        },
        {
            "stt": "3",
            "lop": "10A3",
            "trangthai": "Đã tổng kết",
            "thoigian": " 01/06/2018 11:12:45",
            "sohs": "28/28"
        },
        {
            "stt": "4",
            "lop": "10A4",
            "trangthai": "Đã tổng kết",
            "thoigian": " 01/06/2018 11:12:45",
            "sohs": "28/28"
        },
        {
            "stt": "5",
            "lop": "10A5",
            "trangthai": "Chưa tổng kết",
            "thoigian": " 01/06/2018 11:12:45",
            "sohs": "28/28"
        },
        {
            "stt": "6",
            "lop": "10A6",
            "trangthai": "Chưa tổng kết",
            "thoigian": " 01/06/2018 11:12:45",
            "sohs": "28/28"
        }, {
            "stt": "7",
            "lop": "10A6",
            "trangthai": "Chưa tổng kết",
            "thoigian": " 01/06/2018 11:12:45",
            "sohs": "28/28"
        },
        {
            "stt": "8",
            "lop": "10A6",
            "trangthai": "Chưa tổng kết",
            "thoigian": " 01/06/2018 11:12:45",
            "sohs": "28/28"
        }
        , {
            "stt": "9",
            "lop": "10A6",
            "trangthai": "Chưa tổng kết",
            "thoigian": " 01/06/2018 11:12:45",
            "sohs": "28/28"
        }
        , {
            "stt": "10",
            "lop": "10A6",
            "trangthai": "Chưa tổng kết",
            "thoigian": " 01/06/2018 11:12:45",
            "sohs": "28/28"
        }
        , {
            "stt": "11",
            "lop": "10A6",
            "trangthai": "Chưa tổng kết",
            "thoigian": " 01/06/2018 11:12:45",
            "sohs": "28/28"
        }
    ]
}